soil_type,temperature,humidity,air_quality,crop_type,Blight_Score,Canker_Score,Leaf_Gall_Score,Leaf_Curl_Score,Leaf_Spots_Score,Mildew_Score,Rot_Score,Wilt_Score,Stunting_Score,Chlorosis_Score
1,25,83,2,Blackberry,0.7,0.6,0.7,0.9,0.8,0.4,0.8,0.2,0.2,0.3
2,35,73,2,Papaya,0.6,0.2,0.3,0.3,0.4,0.4,0.2,0.5,0.3,0.1
2,24,55,2,Potato,0.3,0.8,0.2,0.7,0.2,0.4,0.7,0.3,0.3,0.5
3,32,58,1,Cherry,0.5,0.9,0.6,0.2,0.8,0.6,0.5,0.4,0.5,0.2
1,32,67,2,Pumpkin,0.7,0.6,0.3,0.6,0.6,0.3,0.6,0.1,0.4,0.4
3,37,59,1,Peach,0.2,0.6,0.4,0.4,0.7,0.2,0.5,0.4,0.5,0.3
1,39,89,1,Strawberry,0.5,0.9,0.5,0.3,0.6,0.5,0.6,0.2,0.4,0.3
1,37,65,1,Orange,0.8,0.3,0.3,0.3,0.6,0.3,0.5,0.4,0.4,0.3
3,39,69,1,Watermelon,0.7,0.5,0.4,0.2,0.7,0.4,0.4,0.4,0.5,0.2
1,26,62,1,Pumpkin,0.4,0.7,0.7,0.4,0.5,0.6,0.8,0.7,0.6,0.8
2,21,74,1,Blackberry,0.7,0.2,0.8,0.7,0.4,0.4,0.8,0.7,0.3,0.8
1,29,59,1,Broccoli,0.1,0.8,0.1,0.5,0.2,0.1,0.7,0.7,0.3,0.2
2,33,60,1,Potato,0.5,0.5,0.8,0.7,0.5,0.6,0.8,0.4,0.6,0.2
2,33,66,1,Papaya,0.6,0.9,0.5,0.1,0.4,0.8,0.8,0.3,0.8,0.3
2,34,84,2,Brinjal,0.3,0.5,0.3,0.5,0.1,0.5,0.7,0.4,0.3,0.5
2,39,66,1,Spinach,0.3,0.6,0.6,0.2,0.7,0.1,0.2,0.5,0.3,0.3
1,21,55,1,Carrot,0.5,0.7,0.3,0.7,0.3,0.9,0.4,0.6,0.5,0.2
3,37,50,1,Grapes,0.7,0.2,0.3,0.7,0.5,0.6,0.4,0.7,0.5,0.2
3,32,66,1,Tomato,0.5,0.1,0.3,0.5,0.3,0.6,0.5,0.7,0.7,0.2
2,36,80,1,Mango,0.3,0.5,0.3,0.2,0.5,0.6,0.8,0.5,0.8,0.3
3,28,87,2,Strawberry,0.3,0.5,0.7,0.4,0.1,0.7,0.2,0.8,0.2,0.4
1,31,88,1,Orange,0.1,0.3,0.1,0.6,0.6,0.6,0.2,0.1,0.4,0.3
2,36,84,1,Orange,0.2,0.6,0.8,0.7,0.2,0.9,0.3,0.7,0.2,0.6
3,31,81,1,Papaya,0.2,0.4,0.6,0.2,0.6,0.2,0.4,0.7,0.6,0.4
2,32,52,1,Spinach,0.4,0.7,0.2,0.7,0.8,0.8,0.9,0.4,0.5,0.2
2,34,59,1,Strawberry,0.8,0.3,0.7,0.9,0.7,0.5,0.5,0.5,0.7,0.9
1,29,76,2,Onion,0.8,0.4,0.5,0.8,0.5,0.3,0.5,0.6,0.3,0.7
1,26,77,1,Mango,0.3,0.5,0.8,0.2,0.9,0.5,0.2,0.7,0.7,0.3
3,37,52,1,Onion,0.5,0.5,0.6,0.4,0.7,0.8,0.2,0.3,0.7,0.8
3,32,82,2,Kiwi,0.3,0.5,0.3,0.4,0.4,0.7,0.9,0.6,0.9,0.2
2,21,58,2,Spinach,0.3,0.7,0.4,0.6,0.1,0.3,0.5,0.3,0.1,0.5
1,39,74,2,Potato,0.7,0.1,0.6,0.2,0.4,0.4,0.5,0.6,0.6,0.7
1,33,73,1,Pumpkin,0.2,0.6,0.5,0.2,0.6,0.8,0.9,0.7,0.4,0.8
2,30,51,2,Brinjal,0.2,0.1,0.6,0.7,0.5,0.8,0.7,0.6,0.2,0.3
3,29,85,1,Pear,0.6,0.2,0.1,0.3,0.7,0.5,0.5,0.5,0.6,0.2
1,20,61,2,Pumpkin,0.5,0.5,0.2,0.3,0.5,0.7,0.7,0.3,0.7,0.4
1,29,56,1,Blackberry,0.9,0.6,0.6,0.5,0.5,0.3,0.3,0.8,0.2,0.5
3,39,85,1,Blackberry,0.4,0.3,0.6,0.4,0.4,0.5,0.4,0.7,0.6,0.8
1,28,83,2,Pomegranate,0.6,0.4,0.6,0.5,0.2,0.6,0.8,0.4,0.6,0.6
3,20,75,2,Peach,0.8,0.6,0.2,0.5,0.9,0.6,0.2,0.5,0.2,0.8
1,31,52,2,Pineapple,0.7,0.7,0.7,0.2,0.5,0.1,0.6,0.6,0.2,0.7
1,22,82,1,Pumpkin,0.9,0.9,0.5,0.5,0.6,0.8,0.3,0.6,0.9,0.4
1,35,81,2,Radish,0.3,0.3,0.8,0.5,0.5,0.8,0.8,0.9,0.3,0.8
1,36,88,2,Cabbage,0.2,0.1,0.9,0.4,0.3,0.1,0.5,0.6,0.4,0.3
1,26,59,2,Chili,0.2,0.2,0.5,0.8,0.3,0.3,0.9,0.5,0.7,0.3
1,20,63,1,Chili,0.8,0.4,0.6,0.8,0.7,0.2,0.7,0.5,0.7,0.3
3,38,58,2,Brinjal,0.1,0.4,0.3,0.5,0.4,0.4,0.9,0.1,0.9,0.8
2,37,68,1,Cabbage,0.3,0.7,0.4,0.7,0.3,0.8,0.5,0.6,0.6,0.1
2,20,71,2,Cucumber,0.8,0.5,0.1,0.4,0.4,0.9,0.7,0.2,0.2,0.9
3,33,85,2,Banana,0.9,0.4,0.2,0.7,0.2,0.4,0.4,0.2,0.1,0.7
3,27,85,1,Pineapple,0.3,0.8,0.1,0.3,0.2,0.4,0.8,0.6,0.6,0.8
3,25,53,1,Grapes,0.6,0.4,0.1,0.4,0.4,0.8,0.5,0.6,0.4,0.1
2,21,65,1,Pineapple,0.5,0.5,0.2,0.4,0.7,0.3,0.5,0.4,0.5,0.3
3,21,83,2,Pomegranate,0.4,0.7,0.6,0.8,0.2,0.7,0.3,0.7,0.4,0.4
2,35,89,2,Carrot,0.4,0.5,0.7,0.8,0.5,0.9,0.9,0.7,0.1,0.7
3,38,61,1,Cucumber,0.6,0.5,0.2,0.4,0.4,0.2,0.6,0.1,0.1,0.4
3,25,54,1,Cauliflower,0.3,0.7,0.2,0.3,0.7,0.7,0.6,0.2,0.8,0.7
2,22,57,1,Corn,0.2,0.8,0.9,0.2,0.3,0.4,0.1,0.2,0.1,0.3
2,27,81,2,Onion,0.4,0.2,0.8,0.3,0.2,0.4,0.2,0.4,0.6,0.2
1,33,60,2,Cucumber,0.8,0.6,0.5,0.1,0.3,0.5,0.7,0.8,0.5,0.8
3,29,65,2,Cabbage,0.3,0.6,0.7,0.9,0.3,0.7,0.8,0.6,0.3,0.5
3,35,84,1,Corn,0.3,0.5,0.8,0.6,0.2,0.3,0.3,0.5,0.4,0.7
2,22,53,1,Pineapple,0.5,0.4,0.4,0.1,0.4,0.8,0.8,0.3,0.6,0.5
3,35,57,1,Cauliflower,0.8,0.8,0.3,0.2,0.6,0.3,0.1,0.8,0.2,0.8
1,29,60,1,Pineapple,0.2,0.8,0.9,0.5,0.5,0.1,0.4,0.8,0.3,0.4
2,28,76,2,Blackberry,0.1,0.1,0.7,0.9,0.4,0.3,0.4,0.9,0.9,0.1
1,32,85,2,Banana,0.5,0.8,0.1,0.6,0.3,0.6,0.5,0.3,0.9,0.2
2,31,80,1,Banana,0.5,0.2,0.3,0.8,0.7,0.5,0.5,0.3,0.2,0.8
2,38,67,2,Grapes,0.8,0.3,0.4,0.2,0.8,0.6,0.8,0.7,0.3,0.4
2,34,51,1,Blackberry,0.3,0.2,0.1,0.4,0.6,0.3,0.7,0.7,0.6,0.6
2,31,52,2,Cabbage,0.5,0.1,0.1,0.3,0.6,0.3,0.7,0.6,0.4,0.9
3,34,62,2,Pomegranate,0.8,0.7,0.7,0.2,0.1,0.4,0.8,0.6,0.5,0.5
3,20,66,1,Strawberry,0.2,0.7,0.4,0.4,0.7,0.7,0.3,0.9,0.5,0.2
1,23,59,2,Mango,0.8,0.4,0.5,0.8,0.8,0.9,0.8,0.2,0.4,0.6
2,39,74,2,Onion,0.9,0.6,0.3,0.2,0.2,0.2,0.3,0.5,0.5,0.3
2,21,64,1,Blackberry,0.8,0.9,0.2,0.1,0.7,0.4,0.6,0.6,0.3,0.2
3,35,87,1,Chili,0.8,0.7,0.4,0.8,0.4,0.2,0.1,0.7,0.8,0.7
2,24,56,2,Watermelon,0.5,0.5,0.6,0.6,0.5,0.3,0.3,0.8,0.8,0.6
1,36,76,1,Orange,0.9,0.9,0.7,0.1,0.3,0.7,0.2,0.8,0.8,0.6
3,26,60,1,Pumpkin,0.8,0.7,0.2,0.4,0.5,0.2,0.9,0.5,0.3,0.3
1,39,66,2,Potato,0.6,0.8,0.5,0.3,0.2,0.7,0.6,0.4,0.3,0.6
3,25,61,1,Pineapple,0.7,0.8,0.7,0.4,0.8,0.4,0.7,0.3,0.4,0.8
2,25,76,1,Potato,0.5,0.2,0.7,0.3,0.8,0.3,0.8,0.4,0.6,0.4
2,39,86,2,Spinach,0.6,0.3,0.8,0.4,0.8,0.3,0.8,0.3,0.1,0.2
3,32,64,2,Corn,0.4,0.6,0.9,0.2,0.6,0.6,0.6,0.4,0.3,0.5
2,22,66,2,Pomegranate,0.3,0.1,0.5,0.7,0.7,0.8,0.8,0.7,0.3,0.4
2,30,57,2,Onion,0.9,0.9,0.3,0.4,0.8,0.2,0.3,0.3,0.5,0.6
1,28,59,2,Papaya,0.5,0.7,0.2,0.4,0.2,0.7,0.3,0.4,0.8,0.5
3,27,58,1,Lettuce,0.8,0.6,0.6,0.9,0.8,0.8,0.2,0.5,0.3,0.7
1,25,62,1,Papaya,0.7,0.7,0.7,0.5,0.5,0.4,0.4,0.4,0.4,0.6
2,27,58,2,Strawberry,0.7,0.5,0.7,0.4,0.5,0.7,0.2,0.3,0.2,0.9
3,36,89,2,Apple,0.8,0.3,0.2,0.8,0.5,0.9,0.3,0.4,0.7,0.7
2,30,68,1,Watermelon,0.5,0.9,0.8,0.1,0.4,0.8,0.8,0.2,0.7,0.3
3,35,57,2,Carrot,0.7,0.7,0.2,0.2,0.3,0.3,0.5,0.9,0.8,0.1
1,33,78,1,Watermelon,0.3,0.5,0.5,0.8,0.6,0.8,0.4,0.5,0.6,0.5
3,30,67,2,Banana,0.1,0.2,0.8,0.3,0.1,0.1,0.4,0.5,0.1,0.7
1,20,73,1,Strawberry,0.5,0.3,0.3,0.2,0.8,0.9,0.9,0.5,0.7,0.8
2,21,88,2,Mango,0.4,0.7,0.3,0.7,0.4,0.3,0.5,0.2,0.5,0.5
3,37,57,2,Cabbage,0.2,0.4,0.3,0.3,0.5,0.7,0.2,0.5,0.4,0.9
2,26,75,1,Cabbage,0.8,0.8,0.9,0.2,0.4,0.4,0.7,0.1,0.5,0.4
1,29,60,1,Broccoli,0.8,0.1,0.2,0.8,0.4,0.9,0.2,0.6,0.6,0.2
2,37,54,1,Orange,0.9,0.8,0.3,0.7,0.4,0.4,0.5,0.5,0.5,0.5
1,31,52,1,Potato,0.9,0.8,0.8,0.5,0.2,0.5,0.4,0.8,0.7,0.3
1,21,74,1,Apple,0.6,0.3,0.7,0.7,0.8,0.1,0.5,0.4,0.2,0.9
1,38,67,2,Blackberry,0.9,0.6,0.4,0.3,0.7,0.9,0.4,0.9,0.3,0.2
1,39,83,2,Cabbage,0.3,0.8,0.2,0.5,0.7,0.2,0.7,0.5,0.2,0.6
1,21,84,2,Watermelon,0.3,0.5,0.4,0.2,0.6,0.3,0.3,0.6,0.6,0.8
2,37,86,2,Onion,0.6,0.2,0.9,0.2,0.6,0.7,0.6,0.5,0.5,0.9
2,26,56,1,Corn,0.4,0.3,0.2,0.2,0.2,0.8,0.6,0.5,0.2,0.2
3,26,50,2,Cauliflower,0.8,0.4,0.5,0.1,0.5,0.6,0.3,0.1,0.3,0.7
3,38,80,2,Cabbage,0.5,0.5,0.9,0.7,0.6,0.6,0.3,0.6,0.4,0.4
1,30,74,2,Pumpkin,0.6,0.4,0.6,0.2,0.9,0.7,0.4,0.1,0.5,0.2
3,38,59,2,Papaya,0.7,0.6,0.3,0.5,0.5,0.1,0.3,0.5,0.5,0.1
2,33,51,2,Strawberry,0.5,0.1,0.2,0.4,0.5,0.1,0.2,0.3,0.6,0.3
3,38,69,1,Banana,0.4,0.2,0.5,0.1,0.4,0.4,0.5,0.3,0.7,0.4
2,37,87,2,Pear,0.3,0.1,0.3,0.7,0.1,0.8,0.3,0.3,0.8,0.3
2,32,55,2,Broccoli,0.7,0.7,0.4,0.3,0.9,0.6,0.2,0.5,0.3,0.9
3,37,84,1,Lettuce,0.8,0.9,0.7,0.3,0.2,0.3,0.4,0.6,0.4,0.5
2,31,68,2,Apple,0.7,0.5,0.2,0.7,0.6,0.5,0.2,0.4,0.7,0.5
1,25,65,1,Brinjal,0.3,0.4,0.5,0.2,0.4,0.2,0.3,0.3,0.4,0.8
3,34,77,2,Papaya,0.8,0.5,0.2,0.4,0.2,0.2,0.2,0.6,0.6,0.5
2,21,81,1,Radish,0.1,0.4,0.7,0.8,0.3,0.8,0.3,0.9,0.7,0.7
3,35,79,1,Cucumber,0.6,0.7,0.3,0.2,0.4,0.7,0.9,0.2,0.5,0.5
1,29,74,2,Papaya,0.8,0.3,0.8,0.3,0.2,0.8,0.4,0.1,0.8,0.5
3,30,58,2,Pineapple,0.7,0.5,0.8,0.7,0.3,0.2,0.2,0.3,0.7,0.5
1,23,76,2,Banana,0.8,0.1,0.6,0.5,0.5,0.2,0.8,0.2,0.2,0.3
1,34,72,1,Corn,0.3,0.8,0.6,0.3,0.8,0.8,0.5,0.9,0.3,0.8
3,32,72,1,Brinjal,0.2,0.4,0.3,0.1,0.6,0.1,0.6,0.5,0.5,0.6
3,25,87,1,Corn,0.3,0.2,0.9,0.4,0.6,0.8,0.4,0.5,0.6,0.4
3,25,65,1,Corn,0.2,0.1,0.9,0.6,0.7,0.4,0.3,0.6,0.4,0.4
2,32,59,1,Papaya,0.4,0.8,0.3,0.3,0.2,0.5,0.8,0.2,0.6,0.7
3,34,51,1,Cucumber,0.1,0.3,0.4,0.5,0.5,0.8,0.8,0.6,0.8,0.4
3,33,67,2,Cabbage,0.6,0.2,0.3,0.5,0.5,0.9,0.4,0.7,0.4,0.7
2,34,51,2,Pumpkin,0.2,0.7,0.6,0.8,0.3,0.6,0.9,0.9,0.7,0.5
2,22,89,1,Brinjal,0.8,0.6,0.8,0.9,0.4,0.2,0.2,0.4,0.3,0.3
1,38,56,2,Orange,0.7,0.8,0.8,0.8,0.5,0.7,0.6,0.9,0.9,0.7
1,20,76,2,Cabbage,0.8,0.1,0.8,0.3,0.3,0.5,0.2,0.7,0.4,0.8
3,31,58,1,Carrot,0.8,0.4,0.9,0.7,0.4,0.8,0.9,0.2,0.8,0.8
1,35,89,1,Radish,0.3,0.2,0.2,0.8,0.8,0.6,0.7,0.5,0.4,0.6
1,25,70,1,Papaya,0.7,0.4,0.4,0.2,0.8,0.5,0.8,0.5,0.3,0.8
3,34,79,2,Papaya,0.2,0.5,0.3,0.6,0.6,0.5,0.6,0.2,0.8,0.3
3,29,54,1,Cabbage,0.7,0.1,0.3,0.6,0.5,0.3,0.4,0.5,0.1,0.1
3,21,76,2,Lettuce,0.4,0.3,0.4,0.4,0.3,0.3,0.7,0.2,0.4,0.4
3,23,57,1,Potato,0.9,0.4,0.9,0.6,0.4,0.2,0.7,0.2,0.5,0.8
2,26,51,1,Tomato,0.6,0.2,0.6,0.1,0.5,0.5,0.6,0.9,0.7,0.1
1,36,87,2,Cucumber,0.4,0.2,0.7,0.4,0.9,0.6,0.3,0.4,0.4,0.2
2,28,56,2,Strawberry,0.7,0.2,0.3,0.7,0.2,0.1,0.7,0.1,0.5,0.3
3,22,69,1,Cauliflower,0.6,0.7,0.2,0.4,0.6,0.4,0.6,0.8,0.5,0.4
1,34,72,2,Apple,0.7,0.6,0.4,0.1,0.4,0.5,0.5,0.4,0.6,0.5
3,34,85,1,Onion,0.3,0.9,0.4,0.7,0.3,0.8,0.3,0.2,0.1,0.1
2,23,70,2,Peach,0.8,0.3,0.3,0.8,0.2,0.7,0.3,0.7,0.5,0.8
1,29,81,2,Cabbage,0.3,0.6,0.7,0.8,0.4,0.9,0.7,0.4,0.4,0.9
3,27,50,1,Watermelon,0.1,0.7,0.3,0.2,0.7,0.6,0.9,0.5,0.7,0.1
1,37,83,1,Blackberry,0.2,0.8,0.9,0.8,0.3,0.8,0.2,0.5,0.4,0.6
1,26,74,2,Banana,0.3,0.2,0.3,0.6,0.5,0.6,0.7,0.3,0.4,0.4
3,24,62,1,Mango,0.8,0.8,0.6,0.5,0.4,0.4,0.5,0.2,0.8,0.4
2,33,50,1,Carrot,0.4,0.7,0.1,0.1,0.9,0.3,0.5,0.5,0.5,0.4
2,20,71,1,Pomegranate,0.8,0.8,0.2,0.2,0.7,0.8,0.2,0.9,0.7,0.5
1,37,50,2,Banana,0.1,0.9,0.2,0.5,0.9,0.1,0.9,0.5,0.8,0.2
1,33,51,1,Peach,0.9,0.2,0.8,0.9,0.3,0.6,0.5,0.1,0.6,0.8
3,26,65,2,Strawberry,0.4,0.7,0.6,0.5,0.2,0.7,0.2,0.8,0.7,0.5
2,35,74,1,Grapes,0.2,0.2,0.5,0.7,0.7,0.5,0.5,0.5,0.3,0.6
2,39,72,2,Apple,0.8,0.6,0.4,0.1,0.3,0.9,0.1,0.4,0.5,0.4
3,25,50,1,Cabbage,0.5,0.4,0.8,0.8,0.3,0.3,0.4,0.8,0.3,0.3
1,34,69,2,Spinach,0.7,0.6,0.7,0.2,0.8,0.5,0.5,0.4,0.1,0.8
2,26,81,1,Radish,0.5,0.5,0.4,0.4,0.7,0.1,0.8,0.2,0.5,0.7
1,37,54,1,Banana,0.3,0.7,0.5,0.5,0.7,0.6,0.2,0.4,0.8,0.4
2,33,58,2,Potato,0.2,0.6,0.5,0.2,0.3,0.2,0.6,0.3,0.7,0.7
2,21,76,2,Potato,0.2,0.8,0.7,0.4,0.4,0.3,0.5,0.9,0.3,0.4
1,24,54,2,Cucumber,0.5,0.5,0.7,0.2,0.7,0.2,0.2,0.2,0.2,0.8
1,33,51,1,Brinjal,0.7,0.6,0.7,0.1,0.7,0.6,0.2,0.2,0.4,0.3
3,38,61,2,Pumpkin,0.4,0.7,0.6,0.8,0.3,0.3,0.8,0.4,0.5,0.2
1,34,68,2,Apple,0.3,0.5,0.4,0.2,0.7,0.2,0.7,0.7,0.8,0.6
2,37,85,2,Carrot,0.6,0.7,0.8,0.7,0.4,0.6,0.8,0.3,0.3,0.8
3,36,86,1,Banana,0.7,0.6,0.6,0.8,0.3,0.4,0.4,0.5,0.4,0.7
3,24,69,1,Strawberry,0.5,0.5,0.5,0.7,0.3,0.6,0.5,0.4,0.8,0.6
3,33,77,1,Apple,0.8,0.6,0.5,0.4,0.7,0.1,0.2,0.1,0.4,0.5
1,38,77,2,Pomegranate,0.2,0.3,0.3,0.4,0.9,0.8,0.5,0.7,0.8,0.1
1,37,82,1,Corn,0.7,0.5,0.8,0.1,0.9,0.6,0.2,0.1,0.9,0.6
3,38,77,2,Orange,0.6,0.7,0.1,0.5,0.2,0.9,0.7,0.5,0.2,0.3
1,36,62,1,Mango,0.3,0.2,0.3,0.8,0.6,0.2,0.5,0.2,0.7,0.8
3,26,66,1,Watermelon,0.9,0.6,0.3,0.5,0.5,0.6,0.4,0.3,0.8,0.7
2,27,61,1,Broccoli,0.2,0.5,0.2,0.7,0.8,0.6,0.4,0.5,0.8,0.6
3,30,54,1,Spinach,0.2,0.6,0.6,0.8,0.7,0.4,0.2,0.2,0.7,0.3
1,32,67,2,Broccoli,0.6,0.8,0.2,0.2,0.8,0.7,0.7,0.7,0.4,0.7
3,30,82,2,Strawberry,0.6,0.3,0.5,0.8,0.6,0.9,0.7,0.4,0.7,0.6
2,38,50,2,Mango,0.2,0.9,0.7,0.4,0.9,0.8,0.5,0.6,0.8,0.4
1,27,59,1,Potato,0.6,0.1,0.9,0.6,0.4,0.3,0.2,0.1,0.5,0.8
2,34,82,1,Onion,0.8,0.3,0.3,0.5,0.4,0.6,0.8,0.4,0.2,0.8
2,26,66,2,Potato,0.3,0.1,0.5,0.6,0.3,0.6,0.5,0.3,0.8,0.6
3,24,79,2,Chili,0.2,0.3,0.3,0.2,0.5,0.5,0.7,0.8,0.4,0.7
2,35,56,1,Watermelon,0.4,0.2,0.7,0.7,0.7,0.9,0.6,0.1,0.8,0.7
1,38,77,2,Pear,0.6,0.5,0.2,0.8,0.3,0.7,0.5,0.2,0.2,0.1
3,36,66,2,Orange,0.7,0.3,0.9,0.9,0.6,0.5,0.1,0.8,0.2,0.4
2,31,88,1,Cherry,0.2,0.3,0.6,0.1,0.7,0.4,0.5,0.2,0.1,0.3
3,33,57,1,Cabbage,0.2,0.5,0.6,0.1,0.8,0.1,0.8,0.7,0.3,0.4
1,35,83,1,Cabbage,0.2,0.6,0.3,0.6,0.4,0.3,0.7,0.6,0.2,0.2
1,23,80,1,Pomegranate,0.5,0.7,0.2,0.2,0.6,0.2,0.5,0.4,0.2,0.6
3,27,89,2,Chili,0.7,0.9,0.2,0.5,0.3,0.9,0.4,0.7,0.5,0.5
2,38,78,1,Peach,0.6,0.6,0.4,0.2,0.5,0.7,0.9,0.6,0.7,0.2
2,21,64,1,Peach,0.4,0.6,0.7,0.2,0.7,0.7,0.4,0.3,0.8,0.9
2,29,77,2,Blackberry,0.3,0.7,0.6,0.9,0.8,0.5,0.6,0.1,0.9,0.7
2,20,57,1,Carrot,0.5,0.8,0.3,0.7,0.5,0.5,0.7,0.1,0.8,0.8
3,28,55,2,Pear,0.1,0.7,0.3,0.2,0.1,0.6,0.7,0.6,0.1,0.8
3,36,80,1,Orange,0.8,0.6,0.8,0.4,0.7,0.3,0.1,0.2,0.5,0.1
3,37,81,2,Apple,0.5,0.9,0.4,0.8,0.4,0.9,0.9,0.3,0.4,0.7
3,20,64,1,Brinjal,0.1,0.2,0.5,0.8,0.8,0.3,0.4,0.8,0.2,0.7
1,39,80,1,Pear,0.3,0.6,0.7,0.1,0.3,0.3,0.8,0.1,0.7,0.2
1,32,85,2,Spinach,0.4,0.4,0.2,0.2,0.1,0.6,0.4,0.4,0.5,0.5
1,21,69,2,Pomegranate,0.3,0.2,0.5,0.2,0.2,0.4,0.4,0.7,0.4,0.3
2,23,73,2,Onion,0.8,0.2,0.8,0.3,0.6,0.6,0.8,0.8,0.1,0.2
2,21,69,1,Pear,0.9,0.8,0.9,0.6,0.3,0.6,0.1,0.9,0.5,0.3
2,35,80,2,Brinjal,0.3,0.9,0.6,0.8,0.4,0.7,0.6,0.3,0.7,0.8
1,34,76,2,Cauliflower,0.3,0.7,0.3,0.9,0.5,0.3,0.8,0.8,0.9,0.1
2,33,75,2,Strawberry,0.2,0.5,0.3,0.8,0.7,0.2,0.7,0.4,0.5,0.1
2,21,74,1,Cherry,0.7,0.9,0.8,0.6,0.6,0.1,0.7,0.1,0.3,0.2
3,35,71,2,Kiwi,0.2,0.1,0.6,0.5,0.9,0.7,0.5,0.5,0.2,0.8
1,32,67,2,Corn,0.8,0.6,0.3,0.6,0.2,0.4,0.6,0.4,0.9,0.6
3,36,61,2,Cauliflower,0.7,0.2,0.2,0.6,0.1,0.8,0.4,0.8,0.4,0.5
3,25,71,1,Broccoli,0.5,0.2,0.4,0.7,0.8,0.3,0.9,0.7,0.7,0.6
3,24,76,1,Cabbage,0.8,0.2,0.1,0.8,0.4,0.5,0.6,0.9,0.8,0.9
2,21,58,1,Peach,0.8,0.3,0.8,0.3,0.4,0.6,0.2,0.3,0.9,0.4
3,36,73,1,Tomato,0.6,0.4,0.8,0.9,0.6,0.9,0.3,0.6,0.5,0.5
1,24,82,2,Orange,0.5,0.2,0.3,0.5,0.4,0.4,0.9,0.7,0.7,0.8
1,31,52,2,Pumpkin,0.6,0.5,0.3,0.5,0.9,0.5,0.4,0.1,0.6,0.5
1,32,87,2,Cabbage,0.3,0.7,0.3,0.9,0.2,0.4,0.2,0.1,0.8,0.3
3,20,51,2,Potato,0.4,0.7,0.7,0.4,0.2,0.2,0.4,0.2,0.9,0.7
2,21,53,2,Potato,0.8,0.1,0.2,0.3,0.8,0.7,0.6,0.5,0.7,0.6
2,37,56,2,Broccoli,0.6,0.2,0.5,0.6,0.4,0.7,0.3,0.2,0.8,0.6
1,35,61,1,Pumpkin,0.4,0.8,0.5,0.2,0.8,0.9,0.4,0.4,0.2,0.4
1,34,70,2,Cauliflower,0.9,0.3,0.8,0.9,0.1,0.1,0.9,0.6,0.8,0.7
3,28,71,1,Corn,0.5,0.8,0.5,0.8,0.2,0.2,0.3,0.5,0.2,0.7
2,39,89,1,Pumpkin,0.2,0.6,0.8,0.7,0.1,0.3,0.3,0.3,0.4,0.1
3,22,65,1,Peach,0.3,0.6,0.7,0.2,0.6,0.3,0.5,0.2,0.6,0.7
1,38,66,2,Papaya,0.6,0.8,0.6,0.5,0.9,0.6,0.4,0.4,0.7,0.4
2,28,88,2,Watermelon,0.7,0.3,0.3,0.8,0.4,0.7,0.3,0.7,0.4,0.6
3,36,89,2,Cucumber,0.5,0.7,0.7,0.8,0.8,0.5,0.8,0.6,0.6,0.8
1,31,58,1,Mango,0.2,0.8,0.4,0.5,0.4,0.7,0.1,0.3,0.6,0.7
2,32,63,2,Cabbage,0.3,0.6,0.2,0.2,0.2,0.4,0.3,0.7,0.9,0.4
3,30,75,2,Grapes,0.7,0.6,0.5,0.3,0.3,0.9,0.4,0.2,0.4,0.6
3,38,84,1,Cherry,0.2,0.8,0.6,0.4,0.4,0.8,0.1,0.4,0.9,0.3
1,21,68,2,Tomato,0.7,0.2,0.7,0.4,0.8,0.3,0.2,0.3,0.5,0.2
2,34,63,2,Corn,0.4,0.7,0.5,0.5,0.6,0.1,0.4,0.5,0.6,0.7
2,25,86,1,Brinjal,0.6,0.2,0.3,0.6,0.9,0.7,0.1,0.4,0.3,0.8
1,32,75,1,Carrot,0.1,0.3,0.5,0.8,0.4,0.6,0.5,0.5,0.5,0.8
1,39,87,1,Papaya,0.7,0.7,0.3,0.8,0.1,0.6,0.7,0.3,0.4,0.4
1,26,51,1,Onion,0.6,0.4,0.3,0.9,0.1,0.8,0.4,0.3,0.8,0.6
2,35,89,2,Broccoli,0.1,0.8,0.6,0.2,0.1,0.6,0.8,0.8,0.5,0.5
2,26,59,1,Peach,0.8,0.6,0.8,0.8,0.4,0.5,0.2,0.7,0.6,0.5
2,38,75,2,Watermelon,0.2,0.5,0.8,0.2,0.6,0.9,0.2,0.6,0.9,0.6
3,32,73,1,Radish,0.2,0.5,0.5,0.8,0.7,0.9,0.3,0.5,0.4,0.6
3,28,52,1,Corn,0.5,0.1,0.8,0.4,0.3,0.6,0.3,0.3,0.6,0.8
1,27,87,1,Potato,0.6,0.2,0.9,0.5,0.6,0.2,0.5,0.4,0.7,0.2
3,39,79,2,Chili,0.6,0.7,0.3,0.6,0.3,0.8,0.6,0.2,0.2,0.8
3,28,72,1,Orange,0.5,0.3,0.3,0.2,0.5,0.2,0.7,0.1,0.7,0.6
1,23,80,2,Cabbage,0.4,0.8,0.8,0.3,0.3,0.2,0.2,0.4,0.6,0.5
3,21,80,2,Cauliflower,0.6,0.8,0.2,0.8,0.4,0.6,0.6,0.7,0.2,0.4
1,23,79,1,Spinach,0.5,0.4,0.3,0.8,0.7,0.5,0.2,0.6,0.7,0.8
3,28,67,2,Grapes,0.2,0.7,0.2,0.4,0.5,0.2,0.9,0.9,0.3,0.2
2,23,68,1,Pumpkin,0.2,0.7,0.8,0.6,0.8,0.5,0.9,0.7,0.8,0.5
2,39,84,2,Cherry,0.6,0.8,0.7,0.8,0.8,0.7,0.5,0.3,0.5,0.2
3,38,86,2,Orange,0.7,0.5,0.9,0.6,0.8,0.4,0.5,0.3,0.6,0.2
2,29,80,1,Tomato,0.5,0.4,0.3,0.6,0.2,0.3,0.4,0.9,0.4,0.1
1,23,67,1,Pineapple,0.4,0.3,0.7,0.1,0.1,0.5,0.8,0.8,0.5,0.5
3,28,59,2,Papaya,0.7,0.2,0.8,0.3,0.1,0.3,0.5,0.6,0.4,0.6
3,27,60,2,Broccoli,0.8,0.6,0.2,0.4,0.5,0.4,0.3,0.4,0.8,0.8
3,21,71,1,Cauliflower,0.5,0.3,0.2,0.5,0.4,0.4,0.2,0.2,0.4,0.8
2,34,61,2,Pomegranate,0.7,0.2,0.4,0.3,0.3,0.5,0.9,0.1,0.1,0.2
2,24,86,2,Radish,0.9,0.5,0.3,0.9,0.3,0.3,0.5,0.3,0.5,0.6
2,22,85,2,Pumpkin,0.6,0.7,0.1,0.4,0.5,0.6,0.7,0.3,0.7,0.8
1,33,58,1,Tomato,0.8,0.4,0.5,0.5,0.7,0.5,0.1,0.3,0.2,0.3
2,38,83,1,Carrot,0.5,0.1,0.5,0.5,0.7,0.1,0.4,0.3,0.4,0.2
1,34,64,1,Tomato,0.8,0.2,0.6,0.4,0.6,0.2,0.4,0.4,0.5,0.4
2,22,55,1,Peach,0.2,0.4,0.6,0.6,0.8,0.5,0.2,0.2,0.3,0.2
2,27,67,2,Blackberry,0.3,0.2,0.4,0.8,0.1,0.7,0.6,0.3,0.6,0.6
3,24,71,1,Papaya,0.1,0.5,0.3,0.4,0.9,0.2,0.9,0.5,0.6,0.8
3,23,75,2,Radish,0.3,0.8,0.4,0.7,0.2,0.7,0.8,0.6,0.2,0.6
3,26,87,1,Orange,0.5,0.8,0.3,0.4,0.3,0.7,0.6,0.5,0.4,0.4
1,34,77,1,Cherry,0.4,0.5,0.7,0.6,0.4,0.1,0.8,0.8,0.6,0.4
2,35,66,1,Brinjal,0.5,0.5,0.6,0.6,0.5,0.5,0.7,0.2,0.4,0.5
3,35,61,1,Onion,0.2,0.1,0.2,0.9,0.9,0.2,0.5,0.2,0.2,0.6
2,34,63,2,Pineapple,0.8,0.8,0.2,0.7,0.2,0.5,0.7,0.6,0.7,0.6
3,21,58,1,Watermelon,0.6,0.8,0.5,0.1,0.8,0.1,0.2,0.2,0.8,0.7
1,22,66,1,Banana,0.9,0.2,0.5,0.5,0.5,0.5,0.6,0.2,0.8,0.1
3,33,53,1,Brinjal,0.9,0.4,0.4,0.2,0.4,0.8,0.2,0.9,0.8,0.6
3,34,85,2,Lettuce,0.6,0.8,0.4,0.3,0.5,0.6,0.3,0.5,0.8,0.9
2,27,55,1,Cauliflower,0.5,0.8,0.4,0.7,0.8,0.6,0.4,0.5,0.5,0.5
3,21,79,1,Pomegranate,0.2,0.2,0.8,0.4,0.4,0.2,0.7,0.5,0.9,0.3
3,21,84,1,Spinach,0.3,0.2,0.9,0.5,0.5,0.5,0.9,0.5,0.3,0.5
3,20,64,2,Peach,0.3,0.7,0.6,0.5,0.2,0.3,0.6,0.2,0.2,0.5
3,26,72,1,Chili,0.9,0.2,0.6,0.2,0.6,0.2,0.7,0.5,0.5,0.2
2,26,75,2,Strawberry,0.5,0.4,0.7,0.4,0.1,0.4,0.7,0.6,0.1,0.6
3,25,72,2,Spinach,0.8,0.5,0.2,0.5,0.2,0.7,0.3,0.5,0.5,0.4
1,35,83,2,Radish,0.6,0.6,0.6,0.4,0.4,0.5,0.2,0.2,0.6,0.4
3,37,84,1,Watermelon,0.7,0.2,0.2,0.6,0.2,0.6,0.7,0.4,0.2,0.5
1,38,64,1,Papaya,0.3,0.9,0.7,0.5,0.6,0.8,0.5,0.3,0.4,0.2
2,28,82,2,Lettuce,0.5,0.4,0.3,0.2,0.4,0.3,0.6,0.9,0.6,0.4
3,31,82,1,Chili,0.2,0.2,0.2,0.2,0.4,0.2,0.2,0.5,0.4,0.4
3,36,71,2,Onion,0.3,0.8,0.3,0.7,0.7,0.9,0.6,0.5,0.8,0.7
1,22,53,2,Blackberry,0.8,0.7,0.2,0.6,0.8,0.2,0.2,0.4,0.3,0.8
1,37,66,2,Radish,0.9,0.6,0.7,0.4,0.6,0.5,0.5,0.2,0.7,0.7
2,30,64,1,Watermelon,0.9,0.4,0.7,0.7,0.5,0.9,0.8,0.6,0.4,0.3
1,24,60,2,Cherry,0.2,0.8,0.8,0.2,0.7,0.3,0.3,0.8,0.4,0.3
2,23,81,2,Kiwi,0.3,0.4,0.7,0.7,0.5,0.7,0.3,0.3,0.7,0.5
2,38,79,2,Cauliflower,0.4,0.4,0.8,0.7,0.3,0.6,0.5,0.4,0.3,0.7
2,27,65,2,Radish,0.1,0.9,0.4,0.7,0.9,0.9,0.2,0.3,0.2,0.4
1,20,65,2,Cauliflower,0.6,0.5,0.5,0.2,0.4,0.7,0.9,0.8,0.1,0.2
2,36,89,1,Apple,0.7,0.5,0.4,0.8,0.2,0.5,0.7,0.5,0.3,0.6
3,20,78,1,Broccoli,0.5,0.2,0.5,0.7,0.6,0.1,0.8,0.8,0.8,0.2
3,31,59,1,Peach,0.8,0.7,0.6,0.8,0.5,0.6,0.8,0.5,0.7,0.2
2,28,55,2,Pineapple,0.9,0.8,0.2,0.5,0.1,0.7,0.3,0.8,0.9,0.3
2,28,80,1,Banana,0.7,0.1,0.5,0.1,0.3,0.5,0.2,0.3,0.7,0.3
2,39,80,1,Cherry,0.8,0.7,0.6,0.6,0.9,0.3,0.7,0.8,0.3,0.5
1,22,77,1,Orange,0.7,0.6,0.7,0.5,0.1,0.4,0.7,0.2,0.6,0.2
2,27,56,2,Carrot,0.4,0.3,0.4,0.8,0.2,0.4,0.8,0.4,0.3,0.7
3,26,51,2,Mango,0.1,0.7,0.6,0.2,0.6,0.7,0.2,0.7,0.3,0.6
1,27,50,2,Potato,0.4,0.5,0.8,0.3,0.5,0.9,0.2,0.9,0.6,0.4
1,34,61,1,Brinjal,0.1,0.6,0.7,0.1,0.9,0.7,0.2,0.9,0.5,0.8
1,26,57,1,Orange,0.9,0.7,0.2,0.8,0.3,0.7,0.6,0.4,0.7,0.5
3,32,72,2,Peach,0.6,0.5,0.9,0.4,0.2,0.9,0.4,0.3,0.6,0.8
1,36,86,2,Peach,0.4,0.2,0.5,0.5,0.4,0.4,0.4,0.2,0.3,0.9
3,24,63,2,Carrot,0.5,0.8,0.2,0.8,0.4,0.8,0.4,0.7,0.4,0.9
2,23,69,2,Spinach,0.6,0.2,0.1,0.1,0.5,0.2,0.9,0.5,0.4,0.9
1,22,80,2,Papaya,0.6,0.3,0.5,0.4,0.6,0.9,0.7,0.4,0.2,0.2
2,36,58,1,Broccoli,0.6,0.5,0.3,0.5,0.5,0.9,0.9,0.7,0.2,0.3
2,36,57,1,Orange,0.6,0.3,0.1,0.7,0.6,0.2,0.2,0.2,0.1,0.2
2,33,58,1,Mango,0.8,0.3,0.6,0.5,0.1,0.8,0.9,0.8,0.2,0.2
3,25,88,1,Papaya,0.2,0.7,0.6,0.6,0.4,0.7,0.5,0.4,0.2,0.5
2,24,63,2,Pear,0.6,0.3,0.5,0.3,0.4,0.2,0.7,0.4,0.2,0.2
1,38,55,2,Apple,0.1,0.2,0.2,0.2,0.1,0.5,0.3,0.5,0.8,0.8
2,33,61,2,Papaya,0.7,0.2,0.5,0.2,0.7,0.4,0.8,0.4,0.1,0.6
3,39,59,2,Radish,0.4,0.8,0.7,0.2,0.4,0.6,0.5,0.2,0.3,0.8
2,29,75,1,Strawberry,0.7,0.8,0.3,0.2,0.4,0.5,0.5,0.9,0.1,0.9
1,24,81,2,Onion,0.5,0.2,0.3,0.2,0.2,0.4,0.6,0.5,0.7,0.3
1,31,89,2,Cabbage,0.8,0.3,0.9,0.7,0.8,0.8,0.7,0.5,0.8,0.6
3,29,61,1,Banana,0.7,0.5,0.6,0.3,0.8,0.7,0.8,0.3,0.1,0.2
3,34,62,2,Banana,0.5,0.5,0.4,0.5,0.5,0.1,0.4,0.4,0.1,0.4
3,22,85,2,Mango,0.5,0.5,0.3,0.5,0.7,0.6,0.2,0.8,0.2,0.9
1,21,64,2,Pomegranate,0.6,0.3,0.8,0.5,0.1,0.2,0.8,0.7,0.7,0.4
1,21,79,1,Carrot,0.8,0.5,0.3,0.2,0.5,0.2,0.6,0.9,0.8,0.7
2,27,84,2,Mango,0.6,0.5,0.8,0.4,0.5,0.8,0.8,0.8,0.7,0.3
1,28,51,1,Apple,0.3,0.3,0.4,0.5,0.9,0.3,0.6,0.9,0.2,0.2
2,35,79,2,Radish,0.6,0.5,0.5,0.8,0.6,0.5,0.9,0.2,0.4,0.3
1,33,78,2,Carrot,0.1,0.8,0.4,0.2,0.6,0.1,0.1,0.6,0.2,0.5
2,28,50,1,Cucumber,0.3,0.4,0.4,0.5,0.2,0.8,0.5,0.3,0.8,0.8
2,25,64,2,Kiwi,0.8,0.7,0.1,0.3,0.4,0.4,0.5,0.1,0.1,0.4
1,24,73,1,Pumpkin,0.5,0.9,0.1,0.3,0.7,0.4,0.7,0.3,0.4,0.3
3,33,67,1,Tomato,0.8,0.4,0.8,0.9,0.6,0.1,0.7,0.8,0.2,0.9
3,37,76,2,Apple,0.3,0.3,0.1,0.7,0.4,0.9,0.4,0.3,0.5,0.2
3,33,88,1,Carrot,0.8,0.3,0.3,0.4,0.4,0.5,0.9,0.7,0.6,0.3
2,35,67,2,Grapes,0.2,0.7,0.4,0.9,0.2,0.8,0.2,0.6,0.3,0.7
1,39,56,1,Grapes,0.1,0.4,0.7,0.6,0.5,0.3,0.3,0.4,0.6,0.8
2,33,61,1,Strawberry,0.5,0.5,0.4,0.8,0.6,0.5,0.6,0.1,0.8,0.6
2,35,81,1,Spinach,0.6,0.6,0.8,0.2,0.8,0.8,0.9,0.8,0.4,0.7
1,24,62,1,Cabbage,0.1,0.8,0.9,0.9,0.1,0.4,0.2,0.6,0.3,0.4
2,39,54,2,Lettuce,0.4,0.9,0.8,0.9,0.7,0.9,0.3,0.8,0.4,0.4
1,28,88,1,Pomegranate,0.3,0.7,0.4,0.6,0.3,0.3,0.8,0.3,0.1,0.8
2,20,82,1,Broccoli,0.3,0.7,0.6,0.7,0.7,0.9,0.7,0.1,0.2,0.6
2,31,85,2,Cauliflower,0.5,0.7,0.7,0.8,0.8,0.3,0.1,0.5,0.2,0.5
1,24,75,1,Carrot,0.4,0.4,0.8,0.3,0.6,0.1,0.7,0.6,0.3,0.4
1,21,83,2,Spinach,0.6,0.2,0.8,0.5,0.8,0.4,0.4,0.6,0.1,0.3
1,29,63,2,Pear,0.7,0.3,0.1,0.3,0.2,0.4,0.8,0.8,0.6,0.3
1,39,74,2,Carrot,0.4,0.8,0.7,0.4,0.8,0.7,0.4,0.5,0.6,0.9
2,35,86,1,Papaya,0.1,0.1,0.7,0.1,0.5,0.4,0.4,0.3,0.9,0.7
2,38,67,1,Grapes,0.2,0.6,0.4,0.8,0.4,0.6,0.3,0.8,0.9,0.2
1,21,88,1,Cherry,0.1,0.7,0.7,0.9,0.8,0.3,0.6,0.6,0.7,0.6
2,30,75,1,Carrot,0.3,0.2,0.3,0.4,0.8,0.3,0.3,0.4,0.8,0.6
1,36,76,1,Mango,0.8,0.6,0.3,0.3,0.3,0.9,0.3,0.9,0.5,0.7
1,32,52,2,Carrot,0.3,0.9,0.6,0.8,0.8,0.2,0.3,0.6,0.7,0.1
2,23,80,2,Corn,0.7,0.5,0.2,0.3,0.2,0.2,0.7,0.1,0.4,0.3
2,21,64,1,Onion,0.2,0.3,0.4,0.6,0.4,0.3,0.8,0.4,0.2,0.5
1,26,53,2,Brinjal,0.8,0.2,0.9,0.2,0.5,0.8,0.1,0.7,0.3,0.4
1,21,84,2,Kiwi,0.7,0.2,0.9,0.2,0.2,0.5,0.9,0.1,0.6,0.8
1,35,71,2,Broccoli,0.4,0.8,0.3,0.8,0.3,0.3,0.4,0.7,0.8,0.6
1,33,55,2,Blackberry,0.1,0.7,0.8,0.2,0.3,0.8,0.7,0.6,0.1,0.1
2,24,66,1,Peach,0.8,0.4,0.5,0.1,0.1,0.2,0.7,0.9,0.3,0.9
3,34,63,1,Cucumber,0.6,0.5,0.8,0.1,0.5,0.2,0.6,0.3,0.7,0.8
1,35,52,1,Pear,0.5,0.4,0.5,0.3,0.3,0.3,0.6,0.8,0.2,0.5
2,21,72,1,Kiwi,0.6,0.5,0.5,0.8,0.3,0.5,0.2,0.4,0.8,0.4
1,29,65,2,Watermelon,0.6,0.3,0.2,0.6,0.5,0.9,0.4,0.6,0.2,0.4
3,25,73,1,Apple,0.3,0.8,0.8,0.4,0.3,0.3,0.7,0.7,0.6,0.1
1,35,65,1,Orange,0.2,0.4,0.6,0.5,0.8,0.5,0.7,0.4,0.8,0.9
3,25,58,2,Strawberry,0.5,0.6,0.5,0.7,0.1,0.6,0.7,0.9,0.4,0.6
3,22,56,2,Broccoli,0.5,0.8,0.7,0.5,0.3,0.9,0.7,0.4,0.2,0.8
1,36,57,2,Broccoli,0.5,0.3,0.5,0.9,0.7,0.5,0.2,0.2,0.5,0.3
2,38,81,1,Papaya,0.7,0.7,0.4,0.3,0.1,0.9,0.5,0.8,0.5,0.6
2,21,77,1,Banana,0.6,0.8,0.5,0.1,0.4,0.4,0.2,0.4,0.7,0.9
2,22,75,1,Orange,0.3,0.7,0.8,0.9,0.9,0.6,0.3,0.2,0.4,0.5
3,32,86,2,Pear,0.7,0.6,0.8,0.6,0.1,0.6,0.9,0.4,0.5,0.5
2,28,52,1,Pumpkin,0.2,0.5,0.5,0.3,0.8,0.6,0.5,0.9,0.4,0.3
2,20,72,2,Blackberry,0.6,0.7,0.6,0.6,0.4,0.1,0.6,0.6,0.7,0.5
1,30,56,2,Radish,0.6,0.7,0.3,0.4,0.4,0.6,0.2,0.5,0.5,0.9
3,31,74,2,Strawberry,0.3,0.1,0.8,0.3,0.4,0.5,0.5,0.7,0.7,0.6
1,39,74,2,Peach,0.2,0.3,0.5,0.8,0.6,0.7,0.5,0.3,0.6,0.7
3,26,78,1,Mango,0.5,0.8,0.1,0.6,0.6,0.6,0.5,0.9,0.6,0.4
3,27,51,1,Grapes,0.7,0.8,0.8,0.4,0.8,0.3,0.7,0.6,0.3,0.1
3,35,59,1,Radish,0.4,0.4,0.5,0.5,0.4,0.1,0.6,0.1,0.2,0.3
1,34,61,2,Mango,0.8,0.5,0.7,0.5,0.3,0.4,0.2,0.5,0.6,0.6
2,34,77,2,Spinach,0.3,0.4,0.6,0.2,0.1,0.4,0.3,0.1,0.8,0.2
2,20,58,2,Brinjal,0.4,0.8,0.8,0.1,0.3,0.2,0.3,0.4,0.7,0.8
1,29,78,2,Cucumber,0.4,0.2,0.7,0.4,0.6,0.7,0.8,0.9,0.8,0.5
3,31,77,2,Pomegranate,0.7,0.6,0.5,0.4,0.5,0.3,0.5,0.8,0.8,0.3
3,33,56,2,Chili,0.9,0.7,0.5,0.6,0.7,0.1,0.2,0.3,0.3,0.1
1,27,88,2,Apple,0.2,0.3,0.8,0.6,0.8,0.2,0.7,0.9,0.8,0.3
2,34,81,2,Kiwi,0.6,0.4,0.5,0.9,0.8,0.1,0.8,0.7,0.7,0.6
3,22,89,2,Grapes,0.7,0.6,0.3,0.4,0.7,0.1,0.9,0.3,0.7,0.8
1,20,76,2,Cauliflower,0.4,0.5,0.2,0.3,0.7,0.9,0.8,0.8,0.6,0.9
3,22,75,1,Tomato,0.6,0.4,0.3,0.5,0.4,0.8,0.6,0.5,0.7,0.9
3,31,89,1,Pumpkin,0.7,0.9,0.8,0.2,0.7,0.2,0.3,0.5,0.6,0.4
1,35,55,2,Cabbage,0.3,0.7,0.9,0.2,0.6,0.5,0.7,0.4,0.2,0.7
1,28,59,1,Peach,0.7,0.7,0.6,0.6,0.2,0.6,0.2,0.1,0.8,0.5
3,30,50,1,Radish,0.5,0.8,0.7,0.2,0.5,0.5,0.5,0.4,0.9,0.5
3,23,56,2,Grapes,0.6,0.5,0.3,0.2,0.1,0.3,0.6,0.5,0.4,0.8
1,23,50,2,Pumpkin,0.3,0.6,0.7,0.7,0.7,0.1,0.1,0.6,0.1,0.2
3,21,69,1,Orange,0.2,0.3,0.2,0.4,0.4,0.5,0.4,0.3,0.4,0.6
2,31,77,2,Blackberry,0.5,0.4,0.6,0.2,0.1,0.9,0.3,0.5,0.4,0.7
3,20,79,1,Blackberry,0.4,0.8,0.6,0.6,0.6,0.9,0.8,0.3,0.7,0.4
2,27,82,2,Pomegranate,0.4,0.8,0.1,0.4,0.8,0.5,0.8,0.2,0.6,0.7
3,32,81,2,Pineapple,0.9,0.2,0.6,0.6,0.2,0.1,0.4,0.4,0.8,0.8
2,30,64,1,Peach,0.7,0.4,0.6,0.8,0.9,0.8,0.5,0.8,0.1,0.7
3,20,80,2,Pumpkin,0.4,0.7,0.1,0.4,0.9,0.8,0.7,0.3,0.5,0.2
1,29,75,1,Kiwi,0.8,0.2,0.2,0.3,0.6,0.3,0.6,0.7,0.4,0.2
3,23,82,2,Peach,0.2,0.7,0.5,0.1,0.1,0.6,0.8,0.1,0.6,0.1
1,35,69,1,Mango,0.2,0.8,0.4,0.8,0.6,0.6,0.8,0.3,0.7,0.5
3,25,59,1,Peach,0.4,0.8,0.5,0.9,0.3,0.3,0.3,0.7,0.9,0.8
3,29,71,1,Cauliflower,0.9,0.1,0.4,0.2,0.4,0.2,0.7,0.8,0.8,0.8
1,21,53,2,Grapes,0.4,0.7,0.6,0.2,0.6,0.6,0.4,0.7,0.8,0.6
1,23,66,1,Pear,0.5,0.5,0.1,0.7,0.5,0.3,0.5,0.5,0.6,0.5
2,35,70,1,Chili,0.5,0.1,0.4,0.9,0.7,0.4,0.9,0.3,0.2,0.4
2,39,77,2,Pomegranate,0.8,0.2,0.4,0.4,0.5,0.4,0.5,0.7,0.1,0.4
3,33,51,1,Lettuce,0.3,0.6,0.2,0.5,0.5,0.1,0.3,0.6,0.6,0.2
1,23,55,2,Brinjal,0.8,0.9,0.3,0.7,0.1,0.8,0.3,0.7,0.2,0.4
3,23,73,1,Carrot,0.1,0.1,0.6,0.4,0.2,0.6,0.1,0.6,0.2,0.2
3,30,76,1,Broccoli,0.3,0.2,0.2,0.8,0.7,0.9,0.6,0.4,0.4,0.6
3,35,52,1,Mango,0.7,0.8,0.3,0.9,0.8,0.5,0.6,0.2,0.1,0.2
1,32,54,2,Strawberry,0.7,0.5,0.9,0.3,0.7,0.4,0.7,0.3,0.7,0.2
3,30,72,1,Pineapple,0.8,0.7,0.5,0.4,0.7,0.8,0.3,0.3,0.5,0.5
2,31,68,2,Carrot,0.9,0.7,0.3,0.8,0.2,0.7,0.4,0.6,0.4,0.6
2,20,65,2,Peach,0.4,0.2,0.7,0.4,0.5,0.7,0.8,0.8,0.4,0.4
3,29,84,2,Blackberry,0.8,0.7,0.6,0.6,0.4,0.3,0.8,0.1,0.2,0.9
3,36,56,1,Onion,0.9,0.3,0.1,0.5,0.4,0.7,0.5,0.3,0.1,0.5
2,34,59,1,Cherry,0.2,0.8,0.5,0.7,0.6,0.5,0.6,0.7,0.7,0.3
3,27,84,1,Corn,0.9,0.5,0.8,0.4,0.9,0.6,0.3,0.8,0.8,0.6
3,37,54,2,Pineapple,0.5,0.9,0.4,0.5,0.6,0.8,0.7,0.4,0.8,0.9
1,34,71,1,Mango,0.7,0.4,0.9,0.8,0.3,0.8,0.4,0.8,0.5,0.6
3,29,88,1,Radish,0.8,0.2,0.7,0.8,0.5,0.6,0.1,0.2,0.2,0.9
3,37,76,1,Cabbage,0.7,0.5,0.9,0.3,0.8,0.7,0.8,0.6,0.7,0.6
1,34,80,2,Radish,0.4,0.3,0.2,0.9,0.5,0.7,0.7,0.9,0.7,0.8
3,23,61,1,Pomegranate,0.2,0.8,0.9,0.5,0.8,0.2,0.1,0.7,0.5,0.2
1,21,62,2,Apple,0.3,0.2,0.2,0.7,0.3,0.5,0.2,0.1,0.3,0.2
2,34,50,2,Brinjal,0.5,0.2,0.6,0.9,0.3,0.8,0.4,0.2,0.5,0.3
2,23,64,1,Watermelon,0.2,0.4,0.6,0.9,0.8,0.8,0.1,0.4,0.2,0.2
3,20,61,1,Grapes,0.2,0.9,0.4,0.1,0.6,0.5,0.7,0.3,0.3,0.5
2,25,53,1,Blackberry,0.4,0.6,0.8,0.6,0.1,0.8,0.8,0.4,0.6,0.7
3,27,54,1,Papaya,0.8,0.7,0.6,0.4,0.7,0.5,0.8,0.1,0.2,0.4
3,34,80,2,Pumpkin,0.9,0.5,0.3,0.6,0.5,0.7,0.8,0.4,0.8,0.4
1,29,74,1,Cucumber,0.4,0.6,0.9,0.3,0.4,0.7,0.6,0.5,0.6,0.5
1,34,89,2,Mango,0.3,0.4,0.6,0.8,0.2,0.5,0.7,0.6,0.3,0.7
1,31,83,1,Grapes,0.5,0.6,0.3,0.1,0.6,0.6,0.6,0.5,0.1,0.2
1,28,85,1,Potato,0.3,0.7,0.1,0.1,0.5,0.7,0.1,0.3,0.3,0.3
2,21,81,1,Cabbage,0.4,0.9,0.4,0.5,0.7,0.7,0.6,0.3,0.6,0.8
3,32,55,2,Onion,0.2,0.5,0.9,0.9,0.2,0.8,0.2,0.8,0.7,0.9
2,32,60,2,Brinjal,0.7,0.2,0.5,0.3,0.6,0.2,0.4,0.8,0.1,0.1
2,24,62,2,Strawberry,0.5,0.8,0.7,0.9,0.5,0.7,0.4,0.1,0.3,0.7
1,31,66,1,Apple,0.4,0.6,0.8,0.9,0.2,0.1,0.8,0.2,0.8,0.4
3,34,88,2,Peach,0.5,0.4,0.3,0.4,0.9,0.9,0.4,0.2,0.5,0.2
1,29,59,2,Broccoli,0.5,0.8,0.3,0.7,0.3,0.3,0.9,0.2,0.4,0.4
3,31,88,2,Broccoli,0.1,0.5,0.7,0.7,0.3,0.3,0.4,0.8,0.1,0.5
1,31,55,2,Cherry,0.2,0.2,0.9,0.4,0.1,0.2,0.1,0.9,0.4,0.3
3,37,89,2,Broccoli,0.6,0.2,0.5,0.5,0.2,0.3,0.3,0.4,0.8,0.8
2,38,80,2,Broccoli,0.7,0.3,0.7,0.8,0.3,0.2,0.6,0.4,0.8,0.1
1,24,72,1,Blackberry,0.4,0.8,0.2,0.6,0.2,0.4,0.5,0.5,0.6,0.9
1,25,63,1,Pineapple,0.3,0.6,0.8,0.4,0.8,0.3,0.4,0.3,0.7,0.7
3,36,57,1,Lettuce,0.5,0.5,0.7,0.3,0.4,0.6,0.5,0.5,0.6,0.8
2,27,86,2,Lettuce,0.8,0.8,0.8,0.8,0.7,0.3,0.2,0.6,0.4,0.4
2,23,65,1,Cherry,0.5,0.7,0.3,0.6,0.5,0.5,0.3,0.8,0.7,0.3
1,33,58,1,Chili,0.2,0.6,0.5,0.4,0.3,0.5,0.3,0.3,0.5,0.4
2,21,57,2,Chili,0.2,0.3,0.4,0.7,0.9,0.5,0.4,0.5,0.7,0.2
1,22,72,1,Peach,0.7,0.1,0.3,0.4,0.3,0.4,0.5,0.2,0.4,0.5
3,36,69,2,Lettuce,0.9,0.3,0.5,0.4,0.4,0.6,0.6,0.5,0.1,0.7
1,34,66,2,Peach,0.9,0.8,0.4,0.4,0.5,0.6,0.3,0.8,0.8,0.9
3,22,52,2,Chili,0.2,0.4,0.5,0.6,0.6,0.4,0.7,0.4,0.2,0.6
1,26,52,1,Spinach,0.6,0.7,0.6,0.3,0.7,0.9,0.7,0.5,0.4,0.7
1,31,76,1,Pumpkin,0.4,0.8,0.3,0.8,0.7,0.8,0.2,0.2,0.2,0.9
2,29,60,1,Tomato,0.6,0.5,0.8,0.5,0.5,0.2,0.9,0.7,0.9,0.6
1,36,81,1,Radish,0.6,0.9,0.6,0.7,0.1,0.4,0.6,0.3,0.6,0.7
3,32,66,1,Orange,0.8,0.4,0.3,0.8,0.3,0.9,0.6,0.4,0.6,0.3
2,22,84,2,Radish,0.8,0.6,0.6,0.3,0.4,0.6,0.5,0.9,0.7,0.8
2,39,63,2,Papaya,0.3,0.8,0.8,0.8,0.3,0.6,0.4,0.8,0.4,0.8
2,22,87,2,Onion,0.8,0.8,0.8,0.9,0.2,0.5,0.8,0.4,0.5,0.3
1,26,68,2,Onion,0.6,0.5,0.3,0.3,0.4,0.8,0.6,0.5,0.8,0.7
2,37,83,2,Cucumber,0.8,0.5,0.4,0.5,0.3,0.1,0.6,0.7,0.1,0.2
1,22,64,1,Peach,0.1,0.6,0.5,0.3,0.8,0.3,0.1,0.4,0.8,0.6
3,30,84,1,Pomegranate,0.4,0.7,0.7,0.2,0.9,0.6,0.6,0.8,0.6,0.9
2,35,63,2,Pumpkin,0.4,0.7,0.2,0.8,0.2,0.2,0.5,0.9,0.5,0.3
1,29,76,2,Mango,0.4,0.8,0.2,0.5,0.6,0.6,0.4,0.5,0.2,0.7
3,33,55,2,Tomato,0.5,0.7,0.7,0.2,0.6,0.7,0.6,0.9,0.3,0.2
1,35,68,1,Pineapple,0.4,0.5,0.6,0.6,0.4,0.3,0.5,0.5,0.8,0.5
2,39,77,2,Strawberry,0.2,0.8,0.5,0.2,0.7,0.5,0.8,0.5,0.5,0.8
2,22,68,2,Brinjal,0.8,0.8,0.2,0.7,0.4,0.1,0.9,0.9,0.6,0.9
3,21,70,2,Cabbage,0.4,0.8,0.5,0.8,0.4,0.3,0.2,0.5,0.4,0.8
3,35,77,2,Cabbage,0.6,0.4,0.9,0.6,0.5,0.7,0.9,0.7,0.8,0.8
1,20,50,2,Corn,0.4,0.7,0.2,0.8,0.5,0.6,0.8,0.8,0.5,0.7
3,37,83,2,Kiwi,0.5,0.6,0.3,0.3,0.4,0.2,0.4,0.8,0.7,0.5
3,37,60,2,Pineapple,0.8,0.7,0.1,0.1,0.6,0.6,0.6,0.6,0.7,0.7
2,22,55,2,Corn,0.9,0.8,0.8,0.7,0.7,0.8,0.5,0.3,0.3,0.3
2,28,72,2,Corn,0.3,0.2,0.2,0.1,0.3,0.7,0.3,0.3,0.3,0.3
1,35,54,2,Papaya,0.4,0.7,0.8,0.1,0.8,0.4,0.9,0.8,0.5,0.3
2,28,59,1,Onion,0.4,0.5,0.4,0.2,0.6,0.5,0.6,0.7,0.8,0.4
2,23,67,1,Banana,0.2,0.3,0.9,0.3,0.3,0.1,0.7,0.8,0.6,0.2
1,24,79,1,Pear,0.2,0.4,0.5,0.4,0.1,0.5,0.4,0.6,0.4,0.2
1,24,77,2,Pomegranate,0.1,0.7,0.7,0.3,0.2,0.1,0.4,0.7,0.7,0.5
1,30,52,2,Watermelon,0.4,0.4,0.4,0.4,0.6,0.5,0.6,0.9,0.5,0.4
2,24,52,2,Broccoli,0.4,0.3,0.4,0.5,0.3,0.6,0.1,0.4,0.3,0.6
3,35,54,1,Brinjal,0.1,0.5,0.6,0.6,0.4,0.8,0.7,0.2,0.7,0.4
1,22,88,2,Pomegranate,0.7,0.2,0.8,0.8,0.6,0.6,0.8,0.3,0.9,0.3
3,25,70,2,Cauliflower,0.7,0.6,0.6,0.8,0.6,0.2,0.8,0.9,0.2,0.2
2,33,72,1,Strawberry,0.3,0.7,0.8,0.3,0.7,0.6,0.6,0.5,0.6,0.1
2,37,63,1,Lettuce,0.6,0.9,0.8,0.7,0.6,0.3,0.6,0.8,0.2,0.2
3,36,82,2,Cucumber,0.8,0.4,0.2,0.3,0.7,0.5,0.2,0.6,0.4,0.3
3,37,62,1,Lettuce,0.1,0.4,0.4,0.6,0.8,0.4,0.1,0.2,0.5,0.7
2,26,61,1,Radish,0.7,0.2,0.3,0.5,0.8,0.8,0.4,0.8,0.2,0.8
2,39,70,1,Chili,0.3,0.2,0.2,0.3,0.6,0.6,0.9,0.1,0.5,0.1
1,20,78,1,Peach,0.8,0.5,0.6,0.2,0.2,0.5,0.6,0.6,0.8,0.8
1,25,52,1,Broccoli,0.2,0.8,0.4,0.3,0.4,0.8,0.9,0.6,0.2,0.5
2,22,62,2,Papaya,0.6,0.8,0.7,0.6,0.2,0.8,0.2,0.6,0.2,0.5
3,34,80,2,Peach,0.1,0.1,0.7,0.5,0.6,0.9,0.7,0.3,0.5,0.9
3,25,69,1,Cabbage,0.6,0.4,0.2,0.3,0.6,0.3,0.1,0.7,0.3,0.6
1,34,88,1,Mango,0.7,0.8,0.5,0.9,0.9,0.3,0.2,0.8,0.8,0.6
2,22,62,2,Radish,0.5,0.9,0.8,0.8,0.1,0.3,0.3,0.7,0.2,0.4
2,33,65,1,Peach,0.4,0.7,0.3,0.8,0.8,0.5,0.5,0.2,0.4,0.5
2,25,51,1,Cabbage,0.6,0.8,0.2,0.6,0.3,0.4,0.2,0.4,0.8,0.7
3,33,73,1,Mango,0.2,0.3,0.4,0.6,0.1,0.6,0.1,0.5,0.6,0.5
1,33,80,1,Grapes,0.4,0.7,0.8,0.5,0.3,0.5,0.4,0.2,0.5,0.9
3,37,71,1,Orange,0.3,0.3,0.9,0.8,0.3,0.3,0.8,0.1,0.7,0.4
2,23,80,1,Spinach,0.2,0.3,0.7,0.9,0.5,0.7,0.6,0.7,0.8,0.8
3,37,73,1,Chili,0.3,0.2,0.2,0.4,0.4,0.6,0.3,0.7,0.4,0.8
2,24,56,1,Banana,0.1,0.8,0.8,0.7,0.4,0.4,0.4,0.2,0.8,0.5
2,28,70,1,Brinjal,0.2,0.4,0.2,0.8,0.7,0.2,0.4,0.5,0.5,0.2
3,34,88,1,Tomato,0.1,0.6,0.6,0.9,0.7,0.6,0.1,0.4,0.8,0.6
3,37,76,2,Kiwi,0.8,0.4,0.7,0.3,0.7,0.3,0.7,0.6,0.1,0.8
1,22,66,1,Banana,0.5,0.7,0.8,0.3,0.7,0.3,0.4,0.8,0.8,0.6
2,37,51,1,Lettuce,0.3,0.4,0.4,0.9,0.8,0.7,0.6,0.6,0.2,0.6
1,37,72,1,Cherry,0.8,0.6,0.3,0.1,0.9,0.3,0.4,0.4,0.7,0.4
3,23,52,1,Apple,0.7,0.6,0.7,0.4,0.5,0.8,0.2,0.6,0.7,0.8
3,35,65,2,Peach,0.8,0.3,0.6,0.9,0.3,0.2,0.7,0.3,0.5,0.6
3,31,56,1,Peach,0.8,0.7,0.5,0.2,0.8,0.5,0.4,0.5,0.7,0.8
3,25,73,2,Carrot,0.5,0.5,0.8,0.4,0.6,0.3,0.3,0.4,0.6,0.5
1,31,56,2,Peach,0.2,0.7,0.2,0.4,0.2,0.7,0.4,0.7,0.3,0.8
2,25,77,1,Radish,0.1,0.5,0.8,0.7,0.8,0.6,0.5,0.8,0.8,0.8
3,20,55,2,Grapes,0.3,0.1,0.2,0.8,0.2,0.5,0.7,0.8,0.3,0.6
1,31,89,1,Carrot,0.8,0.1,0.3,0.7,0.1,0.7,0.5,0.7,0.6,0.7
3,28,77,1,Lettuce,0.4,0.3,0.2,0.5,0.3,0.6,0.7,0.9,0.3,0.9
2,22,69,1,Blackberry,0.4,0.2,0.4,0.9,0.3,0.1,0.1,0.3,0.8,0.7
2,29,76,1,Radish,0.6,0.3,0.4,0.6,0.5,0.2,0.7,0.1,0.9,0.6
1,38,85,1,Orange,0.9,0.5,0.6,0.1,0.6,0.2,0.5,0.2,0.4,0.2
1,23,50,1,Papaya,0.1,0.4,0.8,0.7,0.8,0.1,0.6,0.8,0.7,0.7
1,23,88,1,Broccoli,0.3,0.6,0.7,0.8,0.4,0.5,0.6,0.7,0.5,0.2
3,22,77,1,Peach,0.2,0.4,0.4,0.8,0.9,0.8,0.2,0.5,0.7,0.3
2,35,79,1,Brinjal,0.4,0.9,0.6,0.7,0.8,0.1,0.3,0.7,0.7,0.4
3,22,55,1,Banana,0.8,0.8,0.6,0.6,0.2,0.6,0.2,0.4,0.8,0.6
1,33,64,1,Pear,0.4,0.7,0.2,0.6,0.3,0.3,0.9,0.7,0.6,0.3
2,29,76,1,Broccoli,0.4,0.6,0.1,0.4,0.7,0.3,0.4,0.6,0.6,0.6
2,32,66,2,Peach,0.8,0.4,0.2,0.8,0.2,0.6,0.1,0.5,0.3,0.6
1,28,84,2,Brinjal,0.3,0.7,0.2,0.4,0.9,0.6,0.2,0.4,0.6,0.3
3,24,64,1,Peach,0.4,0.6,0.6,0.4,0.4,0.7,0.6,0.6,0.8,0.9
3,20,81,1,Papaya,0.6,0.5,0.8,0.4,0.4,0.3,0.8,0.4,0.2,0.6
2,29,89,1,Mango,0.7,0.4,0.5,0.8,0.3,0.2,0.1,0.6,0.5,0.5
2,25,57,1,Onion,0.7,0.8,0.2,0.3,0.1,0.7,0.5,0.9,0.5,0.7
2,32,62,2,Pear,0.3,0.4,0.5,0.2,0.6,0.6,0.2,0.7,0.9,0.2
3,39,62,1,Papaya,0.8,0.2,0.6,0.8,0.8,0.2,0.4,0.3,0.7,0.6
1,27,53,2,Watermelon,0.9,0.3,0.6,0.4,0.6,0.2,0.4,0.6,0.7,0.4
1,26,85,1,Orange,0.2,0.7,0.3,0.9,0.5,0.4,0.7,0.7,0.2,0.2
3,38,56,2,Pineapple,0.2,0.4,0.8,0.2,0.7,0.1,0.9,0.7,0.5,0.9
3,29,52,1,Orange,0.5,0.3,0.9,0.9,0.5,0.3,0.7,0.8,0.4,0.3
3,33,68,1,Radish,0.3,0.3,0.4,0.3,0.7,0.7,0.4,0.6,0.7,0.2
1,20,61,2,Broccoli,0.5,0.7,0.1,0.2,0.8,0.9,0.2,0.2,0.7,0.4
2,30,86,1,Banana,0.6,0.3,0.2,0.6,0.7,0.4,0.2,0.6,0.9,0.8
2,33,50,1,Grapes,0.2,0.5,0.2,0.4,0.5,0.4,0.2,0.7,0.8,0.3
2,31,54,1,Onion,0.6,0.7,0.3,0.9,0.3,0.4,0.8,0.9,0.5,0.6
3,33,84,2,Grapes,0.7,0.2,0.3,0.5,0.2,0.5,0.3,0.6,0.4,0.7
2,27,71,2,Radish,0.3,0.3,0.2,0.8,0.4,0.3,0.6,0.5,0.2,0.3
1,25,68,1,Tomato,0.3,0.6,0.6,0.3,0.7,0.9,0.5,0.2,0.5,0.2
3,24,57,2,Lettuce,0.7,0.7,0.6,0.9,0.3,0.2,0.4,0.8,0.2,0.5
2,34,56,1,Onion,0.7,0.4,0.1,0.7,0.2,0.8,0.6,0.7,0.7,0.6
2,28,69,2,Blackberry,0.5,0.4,0.1,0.1,0.8,0.9,0.4,0.3,0.4,0.4
2,20,78,2,Chili,0.1,0.5,0.1,0.3,0.7,0.7,0.6,0.7,0.3,0.5
2,20,71,2,Cherry,0.3,0.1,0.3,0.5,0.7,0.3,0.1,0.9,0.7,0.3
1,26,65,1,Blackberry,0.3,0.6,0.9,0.3,0.6,0.8,0.5,0.9,0.2,0.8
1,34,63,2,Broccoli,0.7,0.3,0.5,0.8,0.9,0.3,0.5,0.7,0.4,0.3
3,30,79,2,Cabbage,0.8,0.7,0.3,0.8,0.6,0.2,0.5,0.7,0.5,0.6
3,36,62,1,Banana,0.6,0.5,0.7,0.4,0.9,0.3,0.2,0.8,0.5,0.9
3,24,52,1,Apple,0.2,0.2,0.5,0.4,0.7,0.3,0.2,0.7,0.4,0.7
2,30,86,2,Pomegranate,0.7,0.5,0.5,0.9,0.3,0.8,0.2,0.7,0.6,0.7
2,31,85,1,Carrot,0.7,0.7,0.6,0.8,0.8,0.5,0.7,0.4,0.2,0.2
3,33,61,1,Broccoli,0.3,0.9,0.7,0.4,0.7,0.4,0.1,0.2,0.3,0.6
2,20,56,1,Lettuce,0.6,0.6,0.9,0.5,0.6,0.5,0.2,0.2,0.7,0.7
2,32,67,2,Kiwi,0.4,0.8,0.7,0.4,0.3,0.7,0.9,0.4,0.2,0.5
2,31,80,2,Corn,0.6,0.8,0.9,0.7,0.8,0.8,0.4,0.2,0.3,0.2
1,29,75,1,Peach,0.5,0.8,0.5,0.3,0.6,0.7,0.2,0.5,0.8,0.7
2,20,65,1,Carrot,0.8,0.8,0.7,0.5,0.8,0.6,0.4,0.9,0.3,0.7
1,27,65,1,Peach,0.3,0.4,0.5,0.2,0.3,0.7,0.6,0.7,0.4,0.3
2,27,67,2,Pomegranate,0.2,0.4,0.6,0.1,0.3,0.5,0.8,0.4,0.9,0.6
3,26,81,2,Kiwi,0.5,0.3,0.5,0.3,0.2,0.9,0.2,0.1,0.4,0.4
3,36,71,1,Cabbage,0.6,0.5,0.5,0.7,0.6,0.4,0.5,0.5,0.4,0.6
2,27,52,1,Apple,0.3,0.6,0.9,0.1,0.1,0.3,0.4,0.8,0.3,0.4
1,33,80,1,Brinjal,0.1,0.2,0.3,0.7,0.6,0.3,0.2,0.4,0.4,0.8
1,28,81,2,Apple,0.7,0.3,0.4,0.5,0.4,0.2,0.7,0.9,0.3,0.1
1,36,70,2,Grapes,0.4,0.1,0.3,0.1,0.7,0.7,0.8,0.6,0.7,0.8
2,25,78,1,Onion,0.2,0.8,0.2,0.6,0.3,0.5,0.6,0.5,0.5,0.3
2,31,69,2,Corn,0.6,0.2,0.4,0.8,0.4,0.1,0.7,0.7,0.1,0.2
1,24,54,1,Grapes,0.5,0.3,0.6,0.5,0.8,0.8,0.2,0.2,0.3,0.6
3,22,83,1,Broccoli,0.7,0.2,0.9,0.9,0.8,0.8,0.7,0.8,0.7,0.5
1,35,56,1,Papaya,0.5,0.1,0.5,0.4,0.1,0.7,0.6,0.8,0.4,0.9
3,35,60,2,Banana,0.8,0.5,0.7,0.4,0.4,0.5,0.5,0.9,0.3,0.4
3,27,68,1,Cherry,0.9,0.4,0.8,0.8,0.6,0.8,0.5,0.5,0.6,0.6
2,35,69,1,Potato,0.6,0.6,0.8,0.6,0.5,0.2,0.4,0.7,0.7,0.5
2,21,86,2,Cucumber,0.8,0.4,0.7,0.6,0.2,0.8,0.5,0.9,0.6,0.9
2,34,56,1,Pumpkin,0.5,0.5,0.6,0.2,0.5,0.4,0.3,0.2,0.9,0.6
2,25,65,2,Pomegranate,0.5,0.2,0.3,0.7,0.3,0.7,0.4,0.4,0.1,0.6
3,20,88,2,Watermelon,0.9,0.1,0.5,0.8,0.1,0.5,0.2,0.4,0.6,0.6
2,26,63,2,Lettuce,0.2,0.4,0.4,0.8,0.4,0.6,0.4,0.3,0.1,0.6
1,34,88,2,Corn,0.6,0.2,0.8,0.5,0.1,0.4,0.1,0.8,0.4,0.6
2,24,66,2,Onion,0.8,0.5,0.5,0.2,0.6,0.5,0.6,0.5,0.5,0.3
1,36,59,2,Onion,0.5,0.8,0.8,0.3,0.6,0.2,0.8,0.8,0.1,0.5
1,37,81,1,Pumpkin,0.3,0.3,0.3,0.5,0.8,0.1,0.6,0.3,0.5,0.6
3,39,63,1,Watermelon,0.6,0.5,0.8,0.2,0.6,0.8,0.4,0.1,0.2,0.7
2,25,79,1,Peach,0.7,0.2,0.4,0.9,0.3,0.2,0.7,0.2,0.4,0.3
2,39,83,2,Peach,0.1,0.6,0.7,0.8,0.3,0.7,0.1,0.4,0.3,0.8
1,39,83,2,Potato,0.9,0.8,0.3,0.3,0.3,0.6,0.6,0.2,0.9,0.9
3,22,58,2,Broccoli,0.5,0.2,0.8,0.6,0.3,0.3,0.3,0.4,0.1,0.7
1,30,60,1,Orange,0.7,0.6,0.3,0.5,0.3,0.2,0.7,0.2,0.4,0.4
2,29,65,1,Potato,0.1,0.3,0.8,0.4,0.5,0.2,0.8,0.1,0.7,0.7
3,29,83,2,Brinjal,0.3,0.2,0.8,0.2,0.6,0.4,0.6,0.5,0.6,0.3
3,32,50,2,Pomegranate,0.6,0.3,0.8,0.5,0.3,0.7,0.2,0.3,0.7,0.7
1,37,71,2,Peach,0.7,0.1,0.8,0.7,0.6,0.9,0.8,0.7,0.2,0.6
3,23,86,1,Watermelon,0.8,0.8,0.1,0.7,0.3,0.7,0.1,0.7,0.3,0.5
1,30,67,1,Watermelon,0.3,0.3,0.6,0.6,0.7,0.6,0.6,0.9,0.2,0.6
3,30,77,1,Pumpkin,0.8,0.9,0.7,0.2,0.6,0.6,0.4,0.4,0.2,0.7
3,24,66,1,Papaya,0.6,0.2,0.8,0.5,0.2,0.1,0.2,0.7,0.5,0.7
2,20,53,2,Banana,0.4,0.6,0.4,0.4,0.3,0.9,0.4,0.6,0.8,0.4
2,36,79,1,Radish,0.8,0.7,0.2,0.2,0.5,0.4,0.2,0.4,0.5,0.2
3,23,64,2,Orange,0.5,0.8,0.3,0.4,0.5,0.5,0.8,0.8,0.5,0.3
1,31,58,1,Corn,0.9,0.2,0.5,0.1,0.6,0.6,0.1,0.3,0.2,0.5
2,31,82,2,Strawberry,0.6,0.8,0.5,0.6,0.1,0.2,0.4,0.6,0.5,0.7
2,27,82,1,Pear,0.1,0.4,0.7,0.7,0.7,0.8,0.8,0.1,0.3,0.6
1,38,53,1,Broccoli,0.7,0.7,0.6,0.2,0.5,0.8,0.7,0.1,0.3,0.8
3,27,83,1,Mango,0.6,0.8,0.5,0.2,0.9,0.1,0.4,0.3,0.6,0.5
3,34,86,2,Banana,0.5,0.2,0.7,0.7,0.4,0.4,0.7,0.3,0.2,0.4
2,24,52,1,Onion,0.4,0.5,0.3,0.8,0.5,0.3,0.4,0.7,0.1,0.1
3,37,62,2,Pomegranate,0.4,0.8,0.7,0.2,0.7,0.5,0.8,0.3,0.2,0.3
2,24,84,1,Watermelon,0.4,0.3,0.3,0.5,0.8,0.3,0.4,0.8,0.6,0.3
1,23,71,1,Orange,0.8,0.3,0.2,0.4,0.9,0.5,0.4,0.3,0.5,0.3
3,31,79,2,Papaya,0.9,0.9,0.6,0.3,0.5,0.8,0.3,0.9,0.2,0.7
3,34,73,2,Banana,0.7,0.5,0.7,0.7,0.7,0.1,0.3,0.8,0.7,0.6
1,23,88,1,Pomegranate,0.4,0.6,0.2,0.4,0.8,0.3,0.4,0.5,0.5,0.7
2,25,62,1,Tomato,0.6,0.8,0.7,0.2,0.3,0.6,0.5,0.8,0.2,0.3
2,36,65,2,Peach,0.4,0.3,0.4,0.5,0.1,0.4,0.3,0.4,0.3,0.5
2,21,89,1,Apple,0.4,0.4,0.6,0.8,0.8,0.5,0.3,0.5,0.5,0.9
3,33,89,2,Chili,0.7,0.9,0.5,0.1,0.4,0.8,0.6,0.8,0.5,0.8
2,27,87,2,Kiwi,0.7,0.8,0.8,0.8,0.4,0.1,0.7,0.4,0.9,0.2
2,20,72,1,Corn,0.8,0.5,0.2,0.8,0.4,0.4,0.2,0.4,0.4,0.7
1,37,60,1,Cauliflower,0.5,0.3,0.9,0.1,0.1,0.9,0.8,0.5,0.9,0.9
2,36,57,1,Carrot,0.8,0.5,0.5,0.5,0.8,0.2,0.7,0.7,0.9,0.6
3,21,87,2,Pomegranate,0.5,0.2,0.8,0.2,0.2,0.1,0.5,0.3,0.3,0.4
2,32,83,1,Kiwi,0.7,0.8,0.6,0.4,0.9,0.2,0.9,0.8,0.9,0.6
1,33,70,1,Apple,0.2,0.6,0.4,0.5,0.9,0.1,0.8,0.3,0.1,0.4
2,29,67,1,Grapes,0.8,0.8,0.5,0.1,0.4,0.5,0.5,0.2,0.8,0.1
2,25,81,1,Corn,0.6,0.2,0.7,0.3,0.8,0.5,0.8,0.7,0.8,0.7
2,34,71,1,Lettuce,0.6,0.6,0.8,0.4,0.9,0.3,0.4,0.6,0.2,0.2
3,33,54,2,Papaya,0.4,0.4,0.9,0.4,0.6,0.2,0.3,0.9,0.9,0.5
2,27,67,2,Cherry,0.2,0.9,0.5,0.3,0.7,0.2,0.7,0.8,0.9,0.3
1,25,65,1,Pineapple,0.3,0.3,0.3,0.4,0.2,0.8,0.3,0.4,0.8,0.5
2,28,71,1,Brinjal,0.4,0.9,0.7,0.8,0.6,0.5,0.6,0.3,0.2,0.4
2,29,80,2,Spinach,0.6,0.7,0.1,0.2,0.7,0.2,0.6,0.8,0.7,0.7
2,30,58,2,Potato,0.2,0.6,0.6,0.4,0.3,0.3,0.6,0.3,0.3,0.5
3,24,89,2,Grapes,0.2,0.6,0.7,0.4,0.7,0.8,0.2,0.8,0.2,0.5
1,37,86,1,Chili,0.9,0.9,0.8,0.4,0.4,0.6,0.3,0.6,0.4,0.3
3,22,65,2,Papaya,0.6,0.7,0.1,0.2,0.7,0.9,0.1,0.6,0.8,0.8
3,24,68,1,Pear,0.5,0.2,0.2,0.9,0.7,0.5,0.2,0.7,0.8,0.3
3,30,78,1,Strawberry,0.2,0.4,0.5,0.4,0.6,0.3,0.8,0.8,0.7,0.2
2,26,51,2,Onion,0.6,0.8,0.8,0.6,0.4,0.4,0.7,0.7,0.4,0.4
3,34,62,1,Grapes,0.7,0.2,0.5,0.9,0.2,0.7,0.6,0.6,0.7,0.7
2,32,74,1,Cherry,0.2,0.8,0.2,0.6,0.7,0.4,0.3,0.4,0.2,0.1
2,28,52,2,Onion,0.4,0.6,0.3,0.7,0.3,0.5,0.8,0.7,0.3,0.7
1,25,57,2,Cucumber,0.7,0.9,0.9,0.4,0.6,0.3,0.8,0.1,0.8,0.6
2,32,73,1,Apple,0.5,0.2,0.2,0.8,0.3,0.6,0.3,0.4,0.4,0.5
1,36,86,1,Lettuce,0.7,0.7,0.3,0.5,0.4,0.9,0.7,0.1,0.9,0.6
2,27,70,2,Banana,0.1,0.7,0.6,0.6,0.8,0.2,0.7,0.5,0.5,0.4
3,31,84,1,Radish,0.2,0.7,0.2,0.2,0.5,0.9,0.9,0.3,0.5,0.3
1,38,53,1,Peach,0.4,0.6,0.8,0.3,0.8,0.5,0.5,0.8,0.1,0.5
2,28,64,1,Cucumber,0.7,0.1,0.4,0.4,0.3,0.5,0.1,0.6,0.6,0.7
1,34,56,2,Apple,0.2,0.7,0.2,0.1,0.4,0.4,0.7,0.3,0.3,0.7
1,38,71,1,Pineapple,0.5,0.5,0.7,0.4,0.9,0.2,0.7,0.6,0.9,0.1
3,20,83,2,Cauliflower,0.5,0.6,0.7,0.2,0.9,0.7,0.7,0.7,0.5,0.2
3,25,53,1,Onion,0.2,0.8,0.7,0.6,0.2,0.6,0.8,0.9,0.7,0.6
1,37,85,2,Cauliflower,0.8,0.4,0.5,0.3,0.4,0.7,0.9,0.2,0.3,0.9
3,36,60,1,Peach,0.8,0.4,0.6,0.4,0.8,0.9,0.3,0.3,0.2,0.9
3,25,52,1,Watermelon,0.9,0.6,0.4,0.3,0.4,0.3,0.4,0.6,0.3,0.2
3,27,77,2,Pear,0.5,0.5,0.8,0.1,0.7,0.3,0.8,0.8,0.3,0.7
1,27,63,1,Grapes,0.4,0.8,0.1,0.6,0.1,0.5,0.4,0.9,0.9,0.6
1,25,51,2,Lettuce,0.5,0.1,0.7,0.7,0.4,0.4,0.4,0.1,0.4,0.7
1,27,65,2,Cherry,0.5,0.6,0.2,0.2,0.8,0.8,0.6,0.5,0.4,0.4
3,24,54,2,Corn,0.4,0.4,0.7,0.9,0.9,0.7,0.8,0.7,0.6,0.6
1,35,81,2,Papaya,0.6,0.3,0.9,0.6,0.6,0.7,0.9,0.6,0.7,0.9
1,29,72,2,Lettuce,0.7,0.4,0.1,0.5,0.3,0.7,0.2,0.7,0.2,0.4
1,24,70,1,Blackberry,0.7,0.7,0.8,0.7,0.8,0.3,0.3,0.3,0.6,0.2
1,31,50,1,Cucumber,0.1,0.4,0.8,0.8,0.8,0.6,0.3,0.4,0.7,0.8
3,24,77,1,Banana,0.9,0.8,0.1,0.2,0.2,0.6,0.4,0.9,0.2,0.6
2,21,75,1,Cabbage,0.1,0.3,0.3,0.4,0.5,0.6,0.8,0.9,0.1,0.2
1,28,73,2,Tomato,0.1,0.5,0.5,0.5,0.8,0.5,0.3,0.4,0.7,0.7
2,30,53,2,Cabbage,0.7,0.3,0.4,0.7,0.5,0.7,0.8,0.7,0.8,0.6
2,21,69,1,Potato,0.2,0.2,0.7,0.2,0.3,0.6,0.7,0.2,0.4,0.4
2,39,76,2,Corn,0.4,0.4,0.3,0.8,0.4,0.4,0.6,0.3,0.1,0.5
3,39,68,2,Watermelon,0.2,0.9,0.6,0.8,0.6,0.6,0.7,0.9,0.8,0.6
2,26,55,2,Peach,0.2,0.9,0.4,0.2,0.7,0.2,0.5,0.9,0.3,0.6
1,23,70,1,Lettuce,0.9,0.3,0.8,0.6,0.6,0.7,0.4,0.7,0.5,0.7
2,31,78,1,Corn,0.5,0.9,0.4,0.8,0.7,0.6,0.2,0.7,0.3,0.9
1,29,67,2,Lettuce,0.8,0.5,0.7,0.6,0.9,0.9,0.3,0.6,0.1,0.9
3,24,62,1,Strawberry,0.7,0.9,0.4,0.9,0.5,0.7,0.6,0.6,0.5,0.4
1,35,60,1,Broccoli,0.2,0.1,0.8,0.7,0.3,0.9,0.5,0.2,0.2,0.5
3,31,73,2,Papaya,0.3,0.6,0.2,0.9,0.1,0.1,0.9,0.1,0.5,0.4
2,32,80,2,Pumpkin,0.4,0.7,0.7,0.5,0.3,0.1,0.4,0.3,0.3,0.8
2,39,72,1,Carrot,0.1,0.8,0.3,0.4,0.7,0.7,0.5,0.4,0.4,0.2
3,33,70,1,Cherry,0.6,0.3,0.4,0.1,0.6,0.8,0.2,0.4,0.4,0.7
3,20,57,1,Pineapple,0.5,0.4,0.6,0.1,0.4,0.8,0.7,0.4,0.3,0.2
3,39,81,2,Kiwi,0.9,0.3,0.4,0.6,0.7,0.2,0.6,0.8,0.6,0.7
2,24,88,2,Strawberry,0.5,0.8,0.5,0.9,0.4,0.1,0.6,0.7,0.5,0.6
3,21,89,1,Radish,0.4,0.8,0.4,0.3,0.2,0.7,0.3,0.2,0.5,0.7
3,32,51,2,Spinach,0.4,0.5,0.4,0.3,0.8,0.8,0.8,0.1,0.5,0.4
3,26,62,2,Radish,0.3,0.4,0.5,0.2,0.2,0.3,0.2,0.6,0.6,0.7
1,33,67,1,Potato,0.2,0.8,0.3,0.4,0.5,0.7,0.1,0.1,0.1,0.2
1,28,55,1,Pomegranate,0.6,0.5,0.7,0.1,0.7,0.7,0.7,0.1,0.8,0.6
2,21,78,1,Blackberry,0.7,0.5,0.3,0.4,0.6,0.1,0.3,0.3,0.8,0.9
3,20,86,2,Cucumber,0.4,0.7,0.5,0.8,0.8,0.2,0.1,0.2,0.5,0.9
3,21,58,2,Blackberry,0.4,0.6,0.6,0.3,0.9,0.2,0.8,0.6,0.7,0.5
1,27,66,2,Pineapple,0.8,0.3,0.7,0.4,0.3,0.7,0.7,0.6,0.5,0.1
1,34,65,1,Blackberry,0.4,0.9,0.4,0.6,0.8,0.9,0.3,0.3,0.1,0.4
3,23,56,2,Apple,0.8,0.2,0.5,0.3,0.3,0.8,0.5,0.5,0.7,0.4
1,29,54,1,Radish,0.7,0.4,0.1,0.6,0.1,0.7,0.3,0.2,0.4,0.9
1,21,59,1,Cherry,0.8,0.8,0.4,0.9,0.7,0.5,0.9,0.9,0.3,0.8
2,28,62,2,Papaya,0.9,0.4,0.5,0.7,0.1,0.2,0.7,0.5,0.4,0.6
2,28,74,1,Pear,0.7,0.2,0.6,0.8,0.8,0.3,0.1,0.2,0.7,0.6
3,32,85,1,Pumpkin,0.2,0.5,0.6,0.2,0.2,0.8,0.5,0.3,0.7,0.5
3,30,81,1,Pineapple,0.8,0.8,0.9,0.5,0.5,0.7,0.7,0.8,0.6,0.7
2,23,54,2,Broccoli,0.7,0.3,0.5,0.8,0.2,0.4,0.9,0.9,0.6,0.2
1,32,70,1,Tomato,0.9,0.6,0.3,0.2,0.2,0.3,0.2,0.3,0.5,0.4
3,37,69,1,Potato,0.3,0.2,0.6,0.2,0.2,0.1,0.8,0.4,0.3,0.6
2,32,53,2,Papaya,0.9,0.4,0.5,0.8,0.6,0.5,0.6,0.8,0.4,0.8
2,39,76,1,Grapes,0.3,0.4,0.1,0.3,0.7,0.3,0.3,0.8,0.5,0.4
3,33,77,1,Carrot,0.3,0.8,0.8,0.4,0.6,0.5,0.6,0.2,0.5,0.3
1,27,87,1,Peach,0.6,0.6,0.4,0.5,0.3,0.6,0.1,0.5,0.1,0.6
3,21,75,2,Pear,0.5,0.9,0.2,0.6,0.4,0.6,0.5,0.2,0.5,0.6
3,20,81,1,Onion,0.5,0.6,0.2,0.4,0.2,0.5,0.7,0.6,0.4,0.8
2,21,88,1,Brinjal,0.4,0.8,0.6,0.3,0.6,0.5,0.1,0.5,0.8,0.2
1,32,65,1,Potato,0.9,0.6,0.9,0.9,0.3,0.6,0.4,0.3,0.4,0.7
2,27,81,1,Tomato,0.8,0.7,0.8,0.8,0.7,0.5,0.5,0.8,0.4,0.9
2,31,55,1,Pumpkin,0.3,0.2,0.3,0.1,0.2,0.6,0.7,0.7,0.1,0.9
2,37,60,2,Mango,0.3,0.4,0.7,0.5,0.2,0.3,0.2,0.6,0.5,0.4
3,28,89,2,Onion,0.2,0.4,0.7,0.6,0.4,0.2,0.4,0.2,0.8,0.7
1,38,81,1,Radish,0.5,0.2,0.5,0.1,0.7,0.9,0.6,0.3,0.6,0.2
3,34,83,1,Corn,0.4,0.3,0.6,0.7,0.6,0.4,0.6,0.2,0.6,0.8
3,21,59,2,Kiwi,0.2,0.4,0.3,0.2,0.4,0.4,0.7,0.1,0.4,0.7
3,23,70,1,Cucumber,0.5,0.1,0.5,0.2,0.4,0.5,0.9,0.5,0.4,0.6
3,24,67,1,Kiwi,0.6,0.4,0.2,0.8,0.9,0.8,0.9,0.8,0.6,0.7
3,30,82,1,Corn,0.3,0.9,0.7,0.5,0.2,0.2,0.1,0.5,0.6,0.4
2,21,70,2,Cherry,0.9,0.2,0.4,0.4,0.5,0.3,0.8,0.7,0.3,0.1
1,30,54,2,Radish,0.3,0.4,0.5,0.3,0.6,0.9,0.2,0.4,0.5,0.5
2,25,61,1,Spinach,0.9,0.9,0.3,0.4,0.6,0.8,0.6,0.4,0.3,0.9
1,34,63,1,Tomato,0.3,0.7,0.8,0.3,0.8,0.8,0.3,0.5,0.8,0.4
3,32,86,2,Potato,0.5,0.8,0.4,0.6,0.1,0.9,0.1,0.5,0.9,0.5
1,38,58,1,Lettuce,0.7,0.4,0.4,0.9,0.3,0.3,0.3,0.4,0.9,0.6
3,23,69,2,Onion,0.3,0.5,0.6,0.4,0.6,0.5,0.7,0.2,0.3,0.4
3,26,63,2,Pumpkin,0.9,0.8,0.6,0.5,0.5,0.4,0.6,0.3,0.5,0.1
2,20,73,1,Lettuce,0.5,0.3,0.6,0.8,0.9,0.3,0.6,0.7,0.4,0.8
3,30,77,1,Chili,0.7,0.7,0.7,0.2,0.6,0.8,0.4,0.5,0.7,0.8
1,27,63,1,Corn,0.6,0.5,0.8,0.6,0.8,0.7,0.7,0.6,0.8,0.2
3,20,57,1,Strawberry,0.3,0.8,0.8,0.8,0.6,0.3,0.2,0.6,0.6,0.3
1,37,80,2,Strawberry,0.7,0.2,0.6,0.4,0.1,0.7,0.1,0.9,0.4,0.6
1,21,67,1,Apple,0.7,0.5,0.6,0.7,0.2,0.8,0.6,0.8,0.1,0.5
2,38,78,2,Strawberry,0.6,0.1,0.5,0.5,0.2,0.6,0.7,0.7,0.3,0.6
1,35,67,2,Carrot,0.7,0.4,0.2,0.2,0.8,0.8,0.5,0.9,0.3,0.6
1,38,73,2,Chili,0.5,0.4,0.5,0.7,0.5,0.6,0.7,0.6,0.6,0.5
2,28,78,2,Tomato,0.7,0.4,0.7,0.6,0.6,0.7,0.8,0.2,0.1,0.8
2,21,73,1,Chili,0.5,0.2,0.3,0.9,0.6,0.1,0.2,0.7,0.9,0.2
3,22,77,1,Pumpkin,0.7,0.3,0.1,0.3,0.2,0.7,0.5,0.7,0.3,0.3
1,35,81,2,Pomegranate,0.3,0.4,0.8,0.4,0.4,0.7,0.4,0.2,0.5,0.3
1,23,58,1,Pear,0.8,0.4,0.4,0.3,0.2,0.2,0.7,0.2,0.7,0.2
1,34,89,2,Papaya,0.6,0.8,0.4,0.7,0.4,0.6,0.3,0.4,0.7,0.8
2,32,72,2,Blackberry,0.3,0.3,0.2,0.8,0.5,0.2,0.3,0.3,0.3,0.8
1,27,57,2,Kiwi,0.2,0.8,0.8,0.8,0.2,0.5,0.9,0.4,0.4,0.9
1,36,68,2,Carrot,0.1,0.9,0.9,0.3,0.2,0.5,0.6,0.9,0.7,0.7
2,26,80,2,Cucumber,0.9,0.4,0.2,0.6,0.5,0.7,0.7,0.6,0.6,0.2
3,28,83,1,Blackberry,0.1,0.2,0.4,0.8,0.5,0.4,0.3,0.3,0.6,0.4
1,20,58,1,Pineapple,0.7,0.7,0.5,0.8,0.7,0.6,0.4,0.9,0.7,0.7
1,25,83,1,Banana,0.7,0.4,0.7,0.5,0.2,0.4,0.9,0.7,0.6,0.8
3,21,73,2,Watermelon,0.3,0.3,0.4,0.6,0.4,0.5,0.3,0.1,0.2,0.3
1,32,85,2,Pumpkin,0.8,0.2,0.1,0.8,0.7,0.8,0.8,0.4,0.3,0.5
2,25,77,1,Cucumber,0.7,0.8,0.3,0.6,0.5,0.7,0.7,0.3,0.6,0.9
2,35,86,2,Cauliflower,0.9,0.5,0.7,0.9,0.7,0.5,0.5,0.5,0.3,0.2
1,25,64,2,Mango,0.5,0.8,0.6,0.2,0.8,0.3,0.2,0.3,0.2,0.1
1,31,67,2,Apple,0.5,0.6,0.6,0.2,0.4,0.9,0.5,0.2,0.3,0.7
3,27,57,1,Lettuce,0.6,0.2,0.1,0.9,0.2,0.4,0.5,0.4,0.9,0.2
1,34,79,2,Brinjal,0.8,0.5,0.1,0.4,0.4,0.5,0.8,0.7,0.6,0.4
2,32,55,2,Watermelon,0.8,0.7,0.9,0.3,0.1,0.3,0.3,0.8,0.1,0.4
1,27,78,2,Grapes,0.7,0.4,0.5,0.6,0.2,0.3,0.2,0.5,0.8,0.7
1,26,61,1,Pineapple,0.4,0.2,0.2,0.2,0.2,0.4,0.3,0.7,0.9,0.9
3,29,70,2,Pineapple,0.5,0.8,0.4,0.7,0.3,0.4,0.9,0.6,0.9,0.1
3,22,67,2,Strawberry,0.2,0.8,0.7,0.4,0.5,0.8,0.6,0.7,0.8,0.5
2,36,52,2,Lettuce,0.5,0.8,0.2,0.3,0.6,0.5,0.1,0.7,0.5,0.7
1,26,78,1,Pomegranate,0.8,0.7,0.2,0.3,0.4,0.7,0.2,0.3,0.1,0.3
2,34,78,1,Chili,0.1,0.8,0.4,0.1,0.2,0.5,0.7,0.8,0.7,0.9
2,28,78,2,Mango,0.4,0.2,0.5,0.4,0.7,0.4,0.7,0.1,0.8,0.6
1,35,50,2,Radish,0.7,0.9,0.8,0.8,0.5,0.3,0.2,0.2,0.4,0.9
1,26,64,2,Watermelon,0.3,0.2,0.3,0.3,0.7,0.2,0.4,0.4,0.8,0.4
2,27,57,2,Lettuce,0.2,0.7,0.5,0.3,0.2,0.1,0.3,0.3,0.2,0.1
1,32,69,2,Spinach,0.1,0.5,0.8,0.9,0.9,0.1,0.7,0.6,0.8,0.6
2,30,53,2,Tomato,0.3,0.4,0.3,0.6,0.7,0.4,0.3,0.7,0.7,0.7
2,29,79,2,Pumpkin,0.2,0.5,0.3,0.3,0.3,0.9,0.5,0.6,0.2,0.4
1,37,89,1,Cauliflower,0.8,0.8,0.3,0.8,0.3,0.9,0.6,0.1,0.7,0.6
3,22,66,1,Cherry,0.2,0.6,0.5,0.2,0.5,0.6,0.5,0.7,0.1,0.5
2,23,74,2,Apple,0.8,0.3,0.7,0.4,0.3,0.8,0.6,0.3,0.9,0.5
2,29,84,2,Pomegranate,0.8,0.4,0.7,0.7,0.8,0.6,0.8,0.5,0.8,0.6
3,34,70,1,Grapes,0.2,0.4,0.3,0.7,0.6,0.3,0.1,0.2,0.6,0.5
2,32,68,1,Chili,0.8,0.1,0.6,0.7,0.2,0.6,0.7,0.3,0.5,0.7
1,25,60,1,Strawberry,0.1,0.3,0.4,0.1,0.4,0.4,0.3,0.9,0.8,0.7
1,26,54,1,Watermelon,0.1,0.4,0.5,0.6,0.9,0.2,0.5,0.2,0.1,0.8
3,33,87,1,Broccoli,0.2,0.8,0.4,0.6,0.1,0.4,0.5,0.9,0.4,0.6
2,28,53,1,Mango,0.8,0.6,0.4,0.4,0.2,0.4,0.8,0.5,0.5,0.3
1,26,78,1,Pear,0.8,0.7,0.8,0.2,0.3,0.4,0.4,0.7,0.4,0.4
2,29,53,1,Cucumber,0.9,0.9,0.7,0.6,0.5,0.5,0.7,0.6,0.3,0.8
3,27,81,2,Pumpkin,0.4,0.4,0.2,0.4,0.1,0.2,0.2,0.6,0.2,0.8
3,38,79,2,Papaya,0.9,0.1,0.7,0.2,0.3,0.7,0.4,0.1,0.3,0.2
3,31,82,1,Cabbage,0.9,0.6,0.7,0.1,0.6,0.1,0.1,0.8,0.8,0.4
2,32,88,1,Lettuce,0.1,0.8,0.2,0.7,0.7,0.5,0.3,0.8,0.4,0.7
1,39,76,2,Cucumber,0.4,0.5,0.8,0.3,0.4,0.1,0.5,0.5,0.6,0.2
3,31,89,1,Tomato,0.8,0.2,0.3,0.2,0.8,0.2,0.7,0.3,0.9,0.8
3,20,75,1,Kiwi,0.6,0.4,0.1,0.5,0.5,0.2,0.4,0.6,0.6,0.8
2,28,87,1,Tomato,0.3,0.8,0.1,0.1,0.5,0.6,0.2,0.5,0.5,0.4
1,34,70,2,Brinjal,0.1,0.8,0.3,0.5,0.5,0.4,0.3,0.3,0.6,0.5
3,28,84,2,Kiwi,0.3,0.3,0.9,0.2,0.8,0.7,0.8,0.4,0.3,0.7
1,30,55,1,Papaya,0.2,0.3,0.4,0.2,0.4,0.2,0.4,0.3,0.3,0.6
3,37,72,2,Watermelon,0.9,0.3,0.4,0.2,0.5,0.1,0.5,0.8,0.2,0.8
2,28,53,2,Lettuce,0.1,0.7,0.7,0.7,0.9,0.5,0.5,0.8,0.2,0.3
2,26,73,1,Banana,0.7,0.3,0.8,0.2,0.3,0.2,0.2,0.6,0.7,0.3
1,26,84,1,Strawberry,0.2,0.8,0.9,0.5,0.4,0.3,0.5,0.3,0.2,0.9
1,39,59,2,Brinjal,0.3,0.5,0.8,0.8,0.1,0.3,0.3,0.8,0.6,0.2
2,33,71,2,Strawberry,0.9,0.5,0.4,0.8,0.9,0.5,0.5,0.6,0.5,0.2
2,26,68,2,Orange,0.7,0.1,0.4,0.6,0.8,0.5,0.3,0.5,0.8,0.4
3,37,79,2,Tomato,0.3,0.1,0.3,0.6,0.8,0.6,0.2,0.5,0.2,0.2
3,22,60,1,Broccoli,0.8,0.4,0.8,0.7,0.3,0.6,0.3,0.2,0.2,0.8
2,24,68,1,Papaya,0.2,0.1,0.5,0.1,0.8,0.4,0.3,0.8,0.2,0.2
2,28,67,2,Cabbage,0.8,0.3,0.5,0.8,0.9,0.8,0.6,0.2,0.9,0.4
1,34,75,2,Tomato,0.2,0.5,0.6,0.9,0.9,0.3,0.2,0.2,0.7,0.2
3,36,60,2,Onion,0.5,0.5,0.4,0.9,0.3,0.1,0.4,0.2,0.2,0.7
2,34,66,1,Corn,0.5,0.9,0.5,0.2,0.2,0.6,0.5,0.2,0.7,0.4
1,27,59,2,Pear,0.5,0.8,0.8,0.1,0.8,0.8,0.2,0.7,0.2,0.2
1,24,76,1,Pear,0.7,0.8,0.6,0.3,0.5,0.1,0.8,0.1,0.7,0.9
3,33,77,1,Watermelon,0.5,0.8,0.9,0.2,0.4,0.9,0.3,0.8,0.8,0.6
1,35,51,2,Blackberry,0.2,0.5,0.5,0.2,0.2,0.8,0.8,0.2,0.4,0.2
2,31,68,2,Grapes,0.8,0.5,0.8,0.4,0.5,0.5,0.6,0.9,0.4,0.1
2,20,54,2,Peach,0.2,0.2,0.7,0.5,0.7,0.5,0.7,0.8,0.2,0.8
3,35,77,1,Cabbage,0.7,0.4,0.2,0.9,0.9,0.4,0.9,0.1,0.6,0.5
1,21,78,2,Pumpkin,0.9,0.3,0.8,0.3,0.5,0.9,0.8,0.2,0.6,0.5
3,23,87,2,Brinjal,0.2,0.4,0.6,0.5,0.5,0.8,0.4,0.3,0.9,0.5
3,26,61,2,Mango,0.3,0.9,0.1,0.8,0.6,0.6,0.3,0.4,0.6,0.8
2,30,53,1,Brinjal,0.4,0.1,0.2,0.7,0.9,0.8,0.2,0.6,0.7,0.5
3,26,50,2,Pumpkin,0.8,0.7,0.8,0.4,0.2,0.7,0.3,0.5,0.8,0.4
2,30,70,1,Cauliflower,0.8,0.4,0.2,0.8,0.2,0.4,0.1,0.4,0.3,0.3
1,39,72,2,Pear,0.4,0.5,0.7,0.3,0.2,0.3,0.5,0.5,0.2,0.8
1,22,85,2,Chili,0.6,0.4,0.5,0.7,0.2,0.6,0.6,0.5,0.8,0.7
3,29,70,2,Cucumber,0.9,0.6,0.6,0.2,0.4,0.7,0.8,0.5,0.3,0.1
3,30,67,1,Strawberry,0.3,0.3,0.3,0.5,0.4,0.5,0.4,0.8,0.6,0.7
2,25,64,2,Brinjal,0.3,0.2,0.5,0.2,0.2,0.4,0.6,0.7,0.7,0.9
1,36,86,1,Potato,0.8,0.7,0.2,0.5,0.4,0.2,0.1,0.1,0.4,0.1
3,26,59,2,Apple,0.6,0.4,0.5,0.3,0.6,0.9,0.3,0.5,0.1,0.8
3,32,87,1,Spinach,0.7,0.3,0.2,0.9,0.3,0.5,0.2,0.5,0.4,0.5
2,30,65,2,Grapes,0.7,0.7,0.2,0.5,0.7,0.5,0.6,0.6,0.8,0.6
3,22,63,1,Mango,0.6,0.7,0.4,0.9,0.7,0.3,0.6,0.2,0.7,0.4
1,21,81,2,Blackberry,0.5,0.6,0.2,0.2,0.5,0.5,0.9,0.5,0.1,0.5
2,30,76,1,Lettuce,0.2,0.4,0.8,0.5,0.9,0.5,0.8,0.9,0.5,0.8
2,23,76,2,Papaya,0.6,0.1,0.4,0.1,0.1,0.3,0.8,0.7,0.6,0.8
3,26,65,1,Spinach,0.9,0.6,0.6,0.2,0.7,0.2,0.2,0.4,0.6,0.7
1,39,81,2,Cabbage,0.7,0.6,0.2,0.6,0.9,0.6,0.2,0.7,0.6,0.6
3,37,75,2,Grapes,0.1,0.4,0.2,0.3,0.3,0.4,0.6,0.3,0.6,0.1
1,26,72,1,Spinach,0.8,0.8,0.6,0.7,0.3,0.2,0.5,0.5,0.2,0.9
3,29,76,2,Chili,0.9,0.3,0.8,0.9,0.8,0.7,0.5,0.4,0.5,0.6
1,24,65,2,Pomegranate,0.6,0.6,0.2,0.2,0.9,0.4,0.4,0.9,0.6,0.3
3,25,83,2,Potato,0.3,0.7,0.5,0.6,0.8,0.7,0.8,0.2,0.2,0.5
2,34,52,1,Onion,0.1,0.8,0.7,0.3,0.8,0.3,0.4,0.8,0.8,0.4
2,27,73,2,Spinach,0.1,0.2,0.2,0.1,0.4,0.1,0.6,0.2,0.8,0.6
1,33,73,1,Broccoli,0.2,0.3,0.5,0.5,0.7,0.4,0.8,0.6,0.5,0.3
3,25,59,1,Papaya,0.5,0.7,0.4,0.3,0.3,0.5,0.1,0.3,0.8,0.4
1,22,52,1,Lettuce,0.9,0.3,0.4,0.8,0.6,0.7,0.5,0.7,0.8,0.6
2,30,62,2,Strawberry,0.6,0.8,0.9,0.6,0.8,0.8,0.3,0.6,0.5,0.5
3,29,78,1,Cauliflower,0.2,0.3,0.5,0.5,0.7,0.6,0.6,0.7,0.3,0.4
1,22,67,2,Pear,0.9,0.7,0.5,0.5,0.8,0.8,0.4,0.8,0.7,0.3
2,27,56,1,Spinach,0.4,0.7,0.6,0.8,0.5,0.9,0.3,0.4,0.1,0.6
2,35,62,2,Carrot,0.3,0.3,0.7,0.1,0.7,0.2,0.4,0.2,0.7,0.1
2,35,77,2,Orange,0.8,0.2,0.9,0.7,0.6,0.2,0.1,0.3,0.2,0.7
3,28,85,1,Carrot,0.6,0.9,0.4,0.4,0.2,0.4,0.9,0.3,0.5,0.2
2,37,70,1,Papaya,0.8,0.1,0.2,0.3,0.5,0.6,0.5,0.5,0.9,0.6
1,22,50,1,Blackberry,0.2,0.4,0.3,0.6,0.7,0.1,0.6,0.8,0.4,0.8
2,35,80,1,Blackberry,0.9,0.5,0.6,0.8,0.6,0.8,0.7,0.6,0.9,0.3
1,31,56,1,Papaya,0.6,0.3,0.4,0.3,0.5,0.6,0.7,0.3,0.9,0.1
1,29,75,1,Cucumber,0.5,0.5,0.1,0.3,0.8,0.9,0.9,0.6,0.8,0.8
2,37,51,1,Strawberry,0.2,0.4,0.8,0.9,0.8,0.1,0.4,0.7,0.2,0.4
3,24,71,2,Onion,0.9,0.3,0.7,0.6,0.6,0.9,0.7,0.7,0.3,0.4
2,38,52,1,Kiwi,0.4,0.5,0.6,0.1,0.5,0.3,0.5,0.6,0.5,0.3
2,21,68,2,Pomegranate,0.6,0.7,0.7,0.6,0.3,0.1,0.6,0.3,0.8,0.7
2,27,61,1,Cucumber,0.7,0.9,0.5,0.2,0.1,0.5,0.4,0.2,0.9,0.1
1,31,84,2,Lettuce,0.3,0.4,0.8,0.3,0.1,0.8,0.7,0.2,0.3,0.4
2,34,70,1,Potato,0.5,0.7,0.5,0.6,0.2,0.8,0.6,0.7,0.7,0.3
3,21,73,2,Apple,0.6,0.1,0.2,0.4,0.8,0.6,0.3,0.1,0.3,0.3
1,37,57,2,Apple,0.4,0.7,0.3,0.7,0.1,0.8,0.9,0.7,0.5,0.5
2,23,65,1,Papaya,0.7,0.4,0.4,0.3,0.2,0.7,0.4,0.2,0.4,0.6
2,38,77,2,Papaya,0.8,0.4,0.2,0.2,0.5,0.7,0.5,0.4,0.7,0.9
3,34,73,2,Mango,0.2,0.6,0.5,0.5,0.1,0.1,0.5,0.2,0.8,0.2
3,31,74,1,Grapes,0.9,0.3,0.4,0.2,0.5,0.6,0.5,0.8,0.6,0.5
2,33,59,2,Corn,0.2,0.6,0.6,0.4,0.6,0.4,0.6,0.5,0.2,0.8
2,22,51,2,Radish,0.2,0.3,0.5,0.2,0.1,0.2,0.2,0.9,0.8,0.2
3,22,65,1,Cauliflower,0.7,0.5,0.1,0.2,0.8,0.5,0.2,0.7,0.2,0.7
1,29,72,1,Corn,0.2,0.3,0.5,0.6,0.5,0.1,0.8,0.7,0.6,0.7
3,29,69,1,Peach,0.4,0.3,0.3,0.5,0.2,0.4,0.2,0.3,0.4,0.7
2,31,61,2,Peach,0.1,0.4,0.8,0.4,0.5,0.5,0.7,0.5,0.4,0.7
1,38,72,1,Onion,0.4,0.8,0.2,0.1,0.2,0.5,0.4,0.3,0.2,0.6
2,22,55,2,Broccoli,0.4,0.7,0.7,0.3,0.7,0.7,0.8,0.9,0.3,0.7
3,31,86,2,Mango,0.7,0.6,0.5,0.5,0.5,0.5,0.5,0.5,0.2,0.2
2,35,70,1,Cauliflower,0.4,0.2,0.5,0.8,0.4,0.8,0.6,0.8,0.6,0.8
1,20,71,2,Radish,0.5,0.7,0.2,0.3,0.4,0.6,0.5,0.8,0.4,0.2
2,23,70,1,Cucumber,0.6,0.4,0.4,0.5,0.6,0.1,0.8,0.2,0.1,0.9
2,34,51,2,Strawberry,0.6,0.7,0.2,0.4,0.2,0.6,0.4,0.1,0.7,0.1
1,20,50,1,Pear,0.1,0.8,0.2,0.8,0.7,0.4,0.2,0.2,0.6,0.2
1,27,84,1,Mango,0.7,0.9,0.7,0.6,0.7,0.8,0.2,0.4,0.9,0.1
1,38,56,1,Potato,0.7,0.8,0.1,0.8,0.1,0.7,0.4,0.3,0.5,0.2
3,24,63,1,Chili,0.4,0.6,0.3,0.3,0.4,0.3,0.9,0.5,0.5,0.6
3,25,81,2,Pear,0.6,0.9,0.8,0.7,0.7,0.4,0.2,0.4,0.7,0.8
1,23,66,1,Radish,0.7,0.3,0.9,0.9,0.4,0.5,0.8,0.4,0.4,0.1
1,26,62,1,Orange,0.3,0.8,0.4,0.4,0.3,0.7,0.2,0.6,0.6,0.4
3,23,63,1,Banana,0.5,0.7,0.5,0.6,0.5,0.6,0.3,0.5,0.3,0.6
3,35,87,1,Pomegranate,0.5,0.5,0.4,0.7,0.3,0.5,0.9,0.1,0.2,0.7
3,25,60,1,Cauliflower,0.6,0.8,0.4,0.7,0.5,0.1,0.4,0.8,0.6,0.3
1,31,85,1,Pomegranate,0.8,0.3,0.3,0.6,0.2,0.6,0.3,0.2,0.8,0.3
3,38,89,2,Orange,0.9,0.5,0.6,0.6,0.6,0.7,0.2,0.6,0.3,0.5
3,36,72,1,Watermelon,0.9,0.5,0.1,0.3,0.8,0.2,0.2,0.7,0.4,0.3
2,34,65,2,Cabbage,0.3,0.9,0.7,0.6,0.5,0.2,0.3,0.2,0.7,0.4
3,29,53,1,Pear,0.2,0.8,0.1,0.1,0.3,0.7,0.8,0.3,0.9,0.2
3,20,87,1,Pumpkin,0.7,0.8,0.2,0.8,0.6,0.7,0.7,0.2,0.9,0.8
3,20,70,2,Papaya,0.4,0.7,0.2,0.8,0.2,0.7,0.4,0.4,0.5,0.6
3,31,61,1,Radish,0.9,0.3,0.2,0.2,0.9,0.7,0.3,0.6,0.6,0.4
1,26,87,1,Orange,0.8,0.8,0.2,0.3,0.8,0.9,0.1,0.3,0.3,0.8
2,22,71,1,Papaya,0.6,0.6,0.7,0.1,0.6,0.8,0.3,0.3,0.9,0.8
1,38,59,2,Mango,0.7,0.9,0.8,0.7,0.7,0.8,0.3,0.7,0.9,0.1
1,34,53,1,Brinjal,0.7,0.2,0.3,0.7,0.3,0.7,0.6,0.7,0.6,0.4
2,35,68,2,Lettuce,0.5,0.1,0.5,0.5,0.4,0.8,0.5,0.6,0.2,0.6
3,20,50,1,Orange,0.9,0.7,0.5,0.7,0.8,0.2,0.8,0.3,0.1,0.2
1,32,62,2,Pineapple,0.1,0.3,0.6,0.6,0.5,0.6,0.3,0.9,0.7,0.5
1,31,79,2,Onion,0.5,0.7,0.3,0.8,0.8,0.4,0.6,0.7,0.8,0.9
2,33,58,2,Carrot,0.4,0.7,0.3,0.7,0.6,0.4,0.6,0.2,0.7,0.2
3,26,66,1,Cabbage,0.2,0.2,0.5,0.2,0.1,0.6,0.2,0.4,0.6,0.3
1,37,61,1,Cauliflower,0.5,0.8,0.9,0.4,0.1,0.8,0.2,0.4,0.4,0.7
2,39,82,1,Papaya,0.8,0.8,0.9,0.4,0.9,0.1,0.8,0.9,0.5,0.2
2,33,85,2,Papaya,0.8,0.2,0.3,0.4,0.5,0.2,0.4,0.8,0.6,0.8
1,27,67,2,Cucumber,0.5,0.8,0.1,0.7,0.2,0.2,0.3,0.6,0.3,0.7
1,37,77,1,Cucumber,0.2,0.7,0.3,0.2,0.8,0.6,0.6,0.5,0.6,0.4
2,36,84,2,Tomato,0.4,0.1,0.5,0.7,0.5,0.9,0.2,0.9,0.5,0.6
1,20,63,2,Cauliflower,0.7,0.6,0.8,0.6,0.3,0.2,0.2,0.8,0.8,0.3
3,35,73,1,Kiwi,0.4,0.1,0.1,0.5,0.2,0.8,0.6,0.5,0.8,0.5
1,31,73,2,Cauliflower,0.8,0.3,0.7,0.2,0.5,0.5,0.1,0.5,0.4,0.2
1,23,81,2,Carrot,0.3,0.6,0.3,0.3,0.4,0.7,0.5,0.3,0.2,0.8
3,35,79,2,Pineapple,0.5,0.8,0.5,0.9,0.7,0.4,0.5,0.8,0.6,0.8
1,30,62,1,Cherry,0.7,0.6,0.9,0.9,0.8,0.4,0.8,0.1,0.4,0.7
1,34,78,2,Pineapple,0.4,0.2,0.2,0.7,0.5,0.3,0.5,0.5,0.7,0.2
1,31,57,2,Orange,0.3,0.9,0.2,0.6,0.2,0.5,0.8,0.7,0.8,0.6
1,37,88,1,Cherry,0.1,0.1,0.7,0.4,0.2,0.5,0.9,0.6,0.9,0.7
2,35,53,2,Banana,0.4,0.4,0.7,0.8,0.8,0.1,0.6,0.3,0.1,0.6
2,28,69,2,Cabbage,0.2,0.4,0.5,0.5,0.1,0.4,0.3,0.8,0.6,0.1
2,24,83,1,Potato,0.6,0.1,0.4,0.1,0.6,0.2,0.2,0.5,0.7,0.6
1,25,64,1,Grapes,0.8,0.8,0.8,0.4,0.7,0.9,0.4,0.2,0.2,0.9
2,25,50,2,Papaya,0.2,0.5,0.1,0.6,0.3,0.6,0.2,0.7,0.5,0.2
2,24,54,2,Cherry,0.2,0.7,0.7,0.8,0.2,0.3,0.2,0.7,0.7,0.4
2,36,71,1,Broccoli,0.6,0.3,0.9,0.3,0.6,0.2,0.7,0.5,0.4,0.2
2,36,57,2,Tomato,0.9,0.6,0.8,0.6,0.2,0.2,0.9,0.2,0.7,0.3
3,25,88,2,Kiwi,0.6,0.2,0.7,0.8,0.4,0.7,0.5,0.6,0.4,0.4
3,21,78,2,Apple,0.6,0.7,0.1,0.4,0.2,0.3,0.6,0.4,0.8,0.8
1,34,61,2,Potato,0.6,0.3,0.6,0.4,0.2,0.2,0.2,0.7,0.9,0.9
3,21,86,2,Pumpkin,0.8,0.8,0.2,0.7,0.6,0.4,0.4,0.4,0.2,0.8
3,28,77,1,Peach,0.7,0.2,0.6,0.1,0.9,0.5,0.7,0.9,0.6,0.5
2,20,79,1,Broccoli,0.6,0.7,0.4,0.2,0.3,0.7,0.3,0.2,0.3,0.8
1,26,70,2,Mango,0.2,0.4,0.5,0.8,0.4,0.2,0.3,0.3,0.5,0.7
1,24,54,1,Brinjal,0.4,0.1,0.5,0.6,0.6,0.4,0.6,0.8,0.7,0.6
2,29,62,2,Corn,0.5,0.8,0.7,0.7,0.1,0.8,0.8,0.7,0.7,0.3
3,35,77,2,Broccoli,0.3,0.5,0.5,0.9,0.2,0.4,0.4,0.3,0.7,0.5
3,39,54,2,Corn,0.8,0.2,0.3,0.3,0.2,0.3,0.5,0.5,0.8,0.3
3,21,65,1,Watermelon,0.5,0.3,0.7,0.6,0.5,0.1,0.5,0.2,0.2,0.2
1,30,60,2,Blackberry,0.5,0.6,0.3,0.8,0.2,0.8,0.7,0.5,0.7,0.3
1,29,56,2,Papaya,0.4,0.5,0.5,0.3,0.6,0.9,0.3,0.8,0.4,0.8
2,23,72,2,Orange,0.1,0.2,0.6,0.5,0.9,0.4,0.5,0.7,0.5,0.2
2,33,79,1,Onion,0.2,0.9,0.5,0.4,0.3,0.9,0.7,0.5,0.2,0.5
3,25,69,2,Cucumber,0.5,0.3,0.5,0.2,0.4,0.8,0.6,0.2,0.2,0.2
